 893  210  521984 16711680  890  214  521984 16711680  908  244  521728 16711680
 893  210  521984 16711680  908  244  521728 16711680  912  240  521728 16711680
 896  208  521984 16711680  893  210  521984 16711680  912  240  521728 16711680
 896  208  521984 16711680  912  240  521728 16711680  914  237  521728 16711680
 898  207  521984 16711680  896  208  521984 16711680  914  237  521728 16711680
 898  207  521984 16711680  914  237  521728 16711680  917  237  521472 16711680
 898  208  521984 16711680  898  207  521984 16711680  917  237  521472 16711680
 898  208  521984 16711680  917  237  521472 16711680  918  239  521984 16711680
 898  211  521984 16711680  898  208  521984 16711680  918  239  521984 16711680
 898  211  521984 16711680  918  239  521984 16711680  917  242  521984 16711680
 895  216  522240 16711680  898  211  521984 16711680  917  242  521984 16711680
 895  216  522240 16711680  917  242  521984 16711680  915  247  521984 16711680
 912  240  521728 16711680  908  244  521728 16711680  921  271  521600 16711680
 912  240  521728 16711680  921  271  521600 16711680  924  266  521344 16711680
 914  237  521728 16711680  912  240  521728 16711680  924  266  521344 16711680
 914  237  521728 16711680  924  266  521344 16711680  927  264  521344 16711680
 917  237  521472 16711680  914  237  521728 16711680  927  264  521344 16711680
 917  237  521472 16711680  927  264  521344 16711680  929  264  521344 16711680
 918  239  521984 16711680  917  237  521472 16711680  929  264  521344 16711680
 918  239  521984 16711680  929  264  521344 16711680  930  266  521344 16711680
 917  242  521984 16711680  918  239  521984 16711680  930  266  521344 16711680
 917  242  521984 16711680  930  266  521344 16711680  931  270  521344 16711680
 915  247  521984 16711680  917  242  521984 16711680  931  270  521344 16711680
 915  247  521984 16711680  931  270  521344 16711680  928  276  521344 16711680
 924  266  521344 16711680  921  271  521600 16711680  926  294  520704 16711680
 924  266  521344 16711680  926  294  520704 16711680  930  289  520960 16711680
 927  264  521344 16711680  924  266  521344 16711680  930  289  520960 16711680
 927  264  521344 16711680  930  289  520960 16711680  933  287  520704 16711680
 929  264  521344 16711680  927  264  521344 16711680  933  287  520704 16711680
 929  264  521344 16711680  933  287  520704 16711680  935  287  520704 16711680
 930  266  521344 16711680  929  264  521344 16711680  935  287  520704 16711680
 930  266  521344 16711680  935  287  520704 16711680  937  290  520960 16711680
 931  270  521344 16711680  930  266  521344 16711680  937  290  520960 16711680
 931  270  521344 16711680  937  290  520960 16711680  937  295  520960 16711680
 928  276  521344 16711680  931  270  521344 16711680  937  295  520960 16711680
 928  276  521344 16711680  937  295  520960 16711680  935  301  520960 16711680
 930  289  520960 16711680  926  294  520704 16711680  924  313  520320 16711680
 930  289  520960 16711680  924  313  520320 16711680  928  307  520576 16711680
 933  287  520704 16711680  930  289  520960 16711680  928  307  520576 16711680
 933  287  520704 16711680  928  307  520576 16711680  931  305  520576 16711680
 935  287  520704 16711680  933  287  520704 16711680  931  305  520576 16711680
 935  287  520704 16711680  931  305  520576 16711680  934  306  520320 16711680
 937  290  520960 16711680  935  287  520704 16711680  934  306  520320 16711680
 937  290  520960 16711680  934  306  520320 16711680  935  309  520320 16711680
 937  295  520960 16711680  937  290  520960 16711680  935  309  520320 16711680
 937  295  520960 16711680  935  309  520320 16711680  935  314  520320 16711680
 935  301  520960 16711680  937  295  520960 16711680  935  314  520320 16711680
 935  301  520960 16711680  935  314  520320 16711680  933  321  520320 16711680
 928  307  520576 16711680  924  313  520320 16711680  914  325  519808 16711680
 928  307  520576 16711680  914  325  519808 16711680  918  319  519808 16711680
 931  305  520576 16711680  928  307  520576 16711680  918  319  519808 16711680
 931  305  520576 16711680  918  319  519808 16711680  921  317  519808 16711680
 934  306  520320 16711680  931  305  520576 16711680  921  317  519808 16711680
 934  306  520320 16711680  921  317  519808 16711680  923  318  519552 16711680
 935  309  520320 16711680  934  306  520320 16711680  923  318  519552 16711680
 935  309  520320 16711680  923  318  519552 16711680  925  322  519808 16711680
 935  314  520320 16711680  935  309  520320 16711680  925  322  519808 16711680
 935  314  520320 16711680  925  322  519808 16711680  924  327  519552 16711680
 933  321  520320 16711680  935  314  520320 16711680  924  327  519552 16711680
 933  321  520320 16711680  924  327  519552 16711680  922  335  519808 16711680
 918  319  519808 16711680  914  325  519808 16711680  894  329  519040 16711680
 918  319  519808 16711680  894  329  519040 16711680  898  322  519040 16711680
 921  317  519808 16711680  918  319  519808 16711680  898  322  519040 16711680
 921  317  519808 16711680  898  322  519040 16711680  901  320  519040 16711680
 923  318  519552 16711680  921  317  519808 16711680  901  320  519040 16711680
 923  318  519552 16711680  901  320  519040 16711680  904  321  519040 16711680
 925  322  519808 16711680  923  318  519552 16711680  904  321  519040 16711680
 925  322  519808 16711680  904  321  519040 16711680  905  325  519040 16711680
 924  327  519552 16711680  925  322  519808 16711680  905  325  519040 16711680
 924  327  519552 16711680  905  325  519040 16711680  904  331  519040 16711680
 922  335  519808 16711680  924  327  519552 16711680  904  331  519040 16711680
 922  335  519808 16711680  904  331  519040 16711680  901  339  519040 16711680
 898  322  519040 16711680  894  329  519040 16711680  865  322  518528 16711680
 898  322  519040 16711680  865  322  518528 16711680  869  316  518528 16711680
 901  320  519040 16711680  898  322  519040 16711680  869  316  518528 16711680
 901  320  519040 16711680  869  316  518528 16711680  873  313  518144 16711680
 904  321  519040 16711680  901  320  519040 16711680  873  313  518144 16711680
 904  321  519040 16711680  873  313  518144 16711680  875  314  518400 16711680
 905  325  519040 16711680  904  321  519040 16711680  875  314  518400 16711680
 905  325  519040 16711680  875  314  518400 16711680  875  318  518400 16711680
 904  331  519040 16711680  905  325  519040 16711680  875  318  518400 16711680
 904  331  519040 16711680  875  318  518400 16711680  874  324  518400 16711680
 901  339  519040 16711680  904  331  519040 16711680  874  324  518400 16711680
 901  339  519040 16711680  874  324  518400 16711680  870  332  518400 16711680
 869  316  518528 16711680  865  322  518528 16711680  831  305  518016 16711680
 869  316  518528 16711680  831  305  518016 16711680  836  299  518016 16711680
 873  313  518144 16711680  869  316  518528 16711680  836  299  518016 16711680
 873  313  518144 16711680  836  299  518016 16711680  839  296  518016 16711680
 875  314  518400 16711680  873  313  518144 16711680  839  296  518016 16711680
 875  314  518400 16711680  839  296  518016 16711680  840  297  517632 16711680
 875  318  518400 16711680  875  314  518400 16711680  840  297  517632 16711680
 875  318  518400 16711680  840  297  517632 16711680  840  301  517888 16711680
 874  324  518400 16711680  875  318  518400 16711680  840  301  517888 16711680
 874  324  518400 16711680  840  301  517888 16711680  838  306  517632 16711680
 870  332  518400 16711680  874  324  518400 16711680  838  306  517632 16711680
 870  332  518400 16711680  838  306  517632 16711680  833  314  517632 16711680
 836  299  518016 16711680  831  305  518016 16711680  794  279  517632 16711680
 836  299  518016 16711680  794  279  517632 16711680  799  273  517888 16711680
 839  296  518016 16711680  836  299  518016 16711680  799  273  517888 16711680
 839  296  518016 16711680  799  273  517888 16711680  802  270  517504 16711680
 840  297  517632 16711680  839  296  518016 16711680  802  270  517504 16711680
 840  297  517632 16711680  802  270  517504 16711680  803  271  517248 16711680
 840  301  517888 16711680  840  297  517632 16711680  803  271  517248 16711680
 840  301  517888 16711680  803  271  517248 16711680  802  274  517504 16711680
 838  306  517632 16711680  840  301  517888 16711680  802  274  517504 16711680
 838  306  517632 16711680  802  274  517504 16711680  798  279  517504 16711680
 833  314  517632 16711680  838  306  517632 16711680  798  279  517504 16711680
 833  314  517632 16711680  798  279  517504 16711680  792  286  517504 16711680
 799  273  517888 16711680  794  279  517632 16711680  756  246  517504 16711680
 799  273  517888 16711680  756  246  517504 16711680  762  240  517504 16711680
 802  270  517504 16711680  799  273  517888 16711680  762  240  517504 16711680
 802  270  517504 16711680  762  240  517504 16711680  765  237  517504 16711680
 803  271  517248 16711680  802  270  517504 16711680  765  237  517504 16711680
 803  271  517248 16711680  765  237  517504 16711680  765  237  517120 16711680
 802  274  517504 16711680  803  271  517248 16711680  765  237  517120 16711680
 802  274  517504 16711680  765  237  517120 16711680  763  239  517504 16711680
 798  279  517504 16711680  802  274  517504 16711680  763  239  517504 16711680
 798  279  517504 16711680  763  239  517504 16711680  759  244  517504 16711680
 792  286  517504 16711680  798  279  517504 16711680  759  244  517504 16711680
 792  286  517504 16711680  759  244  517504 16711680  752  250  517504 16711680
 762  240  517504 16711680  756  246  517504 16711680  722  208  517632 16711680
 762  240  517504 16711680  722  208  517632 16711680  729  203  517888 16711680
 765  237  517504 16711680  762  240  517504 16711680  729  203  517888 16711680
 765  237  517504 16711680  729  203  517888 16711680  731  199  517504 16711680
 765  237  517120 16711680  765  237  517504 16711680  731  199  517504 16711680
 765  237  517120 16711680  731  199  517504 16711680  731  198  517248 16711680
 763  239  517504 16711680  765  237  517120 16711680  731  198  517248 16711680
 763  239  517504 16711680  731  198  517248 16711680  728  200  517504 16711680
 759  244  517504 16711680  763  239  517504 16711680  728  200  517504 16711680
 759  244  517504 16711680  728  200  517504 16711680  723  204  517504 16711680
 752  250  517504 16711680  759  244  517504 16711680  723  204  517504 16711680
 752  250  517504 16711680  723  204  517504 16711680  715  209  517504 16711680
 729  203  517888 16711680  722  208  517632 16711680  695  168  518016 16711680
 729  203  517888 16711680  695  168  518016 16711680  701  163  518016 16711680
 731  199  517504 16711680  729  203  517888 16711680  701  163  518016 16711680
 731  199  517504 16711680  701  163  518016 16711680  704  160  518016 16711680
 731  198  517248 16711680  731  199  517504 16711680  704  160  518016 16711680
 731  198  517248 16711680  704  160  518016 16711680  703  159  517632 16711680
 728  200  517504 16711680  731  198  517248 16711680  703  159  517632 16711680
 728  200  517504 16711680  703  159  517632 16711680  699  159  518016 16711680
 723  204  517504 16711680  728  200  517504 16711680  699  159  518016 16711680
 723  204  517504 16711680  699  159  518016 16711680  693  162  518016 16711680
 715  209  517504 16711680  723  204  517504 16711680  693  162  518016 16711680
 715  209  517504 16711680  693  162  518016 16711680  685  166  518016 16711680
 701  163  518016 16711680  695  168  518016 16711680  677  133  518528 16711680
 701  163  518016 16711680  677  133  518528 16711680  684  128  518528 16711680
 704  160  518016 16711680  701  163  518016 16711680  684  128  518528 16711680
 704  160  518016 16711680  684  128  518528 16711680  686  125  518528 16711680
 703  159  517632 16711680  704  160  518016 16711680  686  125  518528 16711680
 703  159  517632 16711680  686  125  518528 16711680  685  123  518528 16711680
 699  159  518016 16711680  703  159  517632 16711680  685  123  518528 16711680
 699  159  518016 16711680  685  123  518528 16711680  681  122  518528 16711680
 693  162  518016 16711680  699  159  518016 16711680  681  122  518528 16711680
 693  162  518016 16711680  681  122  518528 16711680  675  124  518144 16711680
 685  166  518016 16711680  693  162  518016 16711680  675  124  518144 16711680
 685  166  518016 16711680  675  124  518144 16711680  667  128  518528 16711680
 684  128  518528 16711680  677  133  518528 16711680  671  105  519296 16711680
 684  128  518528 16711680  671  105  519296 16711680  677  101  519040 16711680
 686  125  518528 16711680  684  128  518528 16711680  677  101  519040 16711680
 686  125  518528 16711680  677  101  519040 16711680  679  98  519040 16711680
 685  123  518528 16711680  686  125  518528 16711680  679  98  519040 16711680
 685  123  518528 16711680  679  98  519040 16711680  678  96  518656 16711680
 681  122  518528 16711680  685  123  518528 16711680  678  96  518656 16711680
 681  122  518528 16711680  678  96  518656 16711680  674  94  519040 16711680
 675  124  518144 16711680  681  122  518528 16711680  674  94  519040 16711680
 675  124  518144 16711680  674  94  519040 16711680  668  95  519040 16711680
 667  128  518528 16711680  675  124  518144 16711680  668  95  519040 16711680
 667  128  518528 16711680  668  95  519040 16711680  660  98  519040 16711680
 677  101  519040 16711680  671  105  519296 16711680  675  86  519808 16711680
 677  101  519040 16711680  675  86  519808 16711680  681  83  519808 16711680
 679  98  519040 16711680  677  101  519040 16711680  681  83  519808 16711680
 679  98  519040 16711680  681  83  519808 16711680  683  79  519808 16711680
 678  96  518656 16711680  679  98  519040 16711680  683  79  519808 16711680
 678  96  518656 16711680  683  79  519808 16711680  681  77  519552 16711680
 674  94  519040 16711680  678  96  518656 16711680  681  77  519552 16711680
 674  94  519040 16711680  681  77  519552 16711680  678  75  519552 16711680
 668  95  519040 16711680  674  94  519040 16711680  678  75  519552 16711680
 668  95  519040 16711680  678  75  519552 16711680  672  76  519552 16711680
 660  98  519040 16711680  668  95  519040 16711680  672  76  519552 16711680
 660  98  519040 16711680  672  76  519552 16711680  665  78  519552 16711680
 681  83  519808 16711680  675  86  519808 16711680  686  76  520320 16711680
 681  83  519808 16711680  686  76  520320 16711680  692  73  520320 16711680
 683  79  519808 16711680  681  83  519808 16711680  692  73  520320 16711680
 683  79  519808 16711680  692  73  520320 16711680  694  69  520192 16711680
 681  77  519552 16711680  683  79  519808 16711680  694  69  520192 16711680
 681  77  519552 16711680  694  69  520192 16711680  693  67  519936 16711680
 678  75  519552 16711680  681  77  519552 16711680  693  67  519936 16711680
 678  75  519552 16711680  693  67  519936 16711680  690  65  520192 16711680
 672  76  519552 16711680  678  75  519552 16711680  690  65  520192 16711680
 672  76  519552 16711680  690  65  520192 16711680  685  65  520320 16711680
 665  78  519552 16711680  672  76  519552 16711680  685  65  520320 16711680
 665  78  519552 16711680  685  65  520320 16711680  678  68  520320 16711680
 692  73  520320 16711680  686  76  520320 16711680  705  74  520704 16711680
 692  73  520320 16711680  705  74  520704 16711680  710  71  520960 16711680
 694  69  520192 16711680  692  73  520320 16711680  710  71  520960 16711680
 694  69  520192 16711680  710  71  520960 16711680  713  68  520704 16711680
 693  67  519936 16711680  694  69  520192 16711680  713  68  520704 16711680
 693  67  519936 16711680  713  68  520704 16711680  712  65  520704 16711680
 690  65  520192 16711680  693  67  519936 16711680  712  65  520704 16711680
 690  65  520192 16711680  712  65  520704 16711680  709  63  520960 16711680
 685  65  520320 16711680  690  65  520192 16711680  709  63  520960 16711680
 685  65  520320 16711680  709  63  520960 16711680  705  64  520704 16711680
 678  68  520320 16711680  685  65  520320 16711680  705  64  520704 16711680
 678  68  520320 16711680  705  64  520704 16711680  698  66  520704 16711680
 710  71  520960 16711680  705  74  520704 16711680  730  80  521344 16711680
 710  71  520960 16711680  730  80  521344 16711680  735  77  521344 16711680
 713  68  520704 16711680  710  71  520960 16711680  735  77  521344 16711680
 713  68  520704 16711680  735  77  521344 16711680  737  74  521344 16711680
 712  65  520704 16711680  713  68  520704 16711680  737  74  521344 16711680
 712  65  520704 16711680  737  74  521344 16711680  737  71  521088 16711680
 709  63  520960 16711680  712  65  520704 16711680  737  71  521088 16711680
 709  63  520960 16711680  737  71  521088 16711680  735  70  521344 16711680
 705  64  520704 16711680  709  63  520960 16711680  735  70  521344 16711680
 705  64  520704 16711680  735  70  521344 16711680  731  70  521344 16711680
 698  66  520704 16711680  705  64  520704 16711680  731  70  521344 16711680
 698  66  520704 16711680  731  70  521344 16711680  725  72  521600 16711680
 735  77  521344 16711680  730  80  521344 16711680  758  93  521728 16711680
 735  77  521344 16711680  758  93  521728 16711680  763  90  521728 16711680
 737  74  521344 16711680  735  77  521344 16711680  763  90  521728 16711680
 737  74  521344 16711680  763  90  521728 16711680  765  87  521984 16711680
 737  71  521088 16711680  737  74  521344 16711680  765  87  521984 16711680
 737  71  521088 16711680  765  87  521984 16711680  765  85  521472 16711680
 735  70  521344 16711680  737  71  521088 16711680  765  85  521472 16711680
 735  70  521344 16711680  765  85  521472 16711680  763  83  521984 16711680
 731  70  521344 16711680  735  70  521344 16711680  763  83  521984 16711680
 731  70  521344 16711680  763  83  521984 16711680  760  84  521984 16711680
 725  72  521600 16711680  731  70  521344 16711680  760  84  521984 16711680
 725  72  521600 16711680  760  84  521984 16711680  755  86  521728 16711680
 763  90  521728 16711680  758  93  521728 16711680  786  111  521984 16711680
 763  90  521728 16711680  786  111  521984 16711680  791  107  522240 16711680
 765  87  521984 16711680  763  90  521728 16711680  791  107  522240 16711680
 765  87  521984 16711680  791  107  522240 16711680  793  105  521984 16711680
 765  85  521472 16711680  765  87  521984 16711680  793  105  521984 16711680
 765  85  521472 16711680  793  105  521984 16711680  794  103  521984 16711680
 763  83  521984 16711680  765  85  521472 16711680  794  103  521984 16711680
 763  83  521984 16711680  794  103  521984 16711680  792  102  521984 16711680
 760  84  521984 16711680  763  83  521984 16711680  792  102  521984 16711680
 760  84  521984 16711680  792  102  521984 16711680  790  103  521984 16711680
 755  86  521728 16711680  760  84  521984 16711680  790  103  521984 16711680
 755  86  521728 16711680  790  103  521984 16711680  785  105  522240 16711680
 791  107  522240 16711680  786  111  521984 16711680  814  132  522240 16711680
 791  107  522240 16711680  814  132  522240 16711680  818  129  522240 16711680
 793  105  521984 16711680  791  107  522240 16711680  818  129  522240 16711680
 793  105  521984 16711680  818  129  522240 16711680  820  126  522240 16711680
 794  103  521984 16711680  793  105  521984 16711680  820  126  522240 16711680
 794  103  521984 16711680  820  126  522240 16711680  822  125  522240 16711680
 792  102  521984 16711680  794  103  521984 16711680  822  125  522240 16711680
 792  102  521984 16711680  822  125  522240 16711680  821  124  522240 16711680
 790  103  521984 16711680  792  102  521984 16711680  821  124  522240 16711680
 790  103  521984 16711680  821  124  522240 16711680  819  126  522240 16711680
 785  105  522240 16711680  790  103  521984 16711680  819  126  522240 16711680
 785  105  522240 16711680  819  126  522240 16711680  815  128  522496 16711680
 818  129  522240 16711680  814  132  522240 16711680  841  157  522240 16711680
 818  129  522240 16711680  841  157  522240 16711680  845  154  522240 16711680
 820  126  522240 16711680  818  129  522240 16711680  845  154  522240 16711680
 820  126  522240 16711680  845  154  522240 16711680  848  151  522240 16711680
 822  125  522240 16711680  820  126  522240 16711680  848  151  522240 16711680
 822  125  522240 16711680  848  151  522240 16711680  849  150  522240 16711680
 821  124  522240 16711680  822  125  522240 16711680  849  150  522240 16711680
 821  124  522240 16711680  849  150  522240 16711680  849  150  522240 16711680
 819  126  522240 16711680  821  124  522240 16711680  849  150  522240 16711680
 819  126  522240 16711680  849  150  522240 16711680  847  152  522240 16711680
 815  128  522496 16711680  819  126  522240 16711680  847  152  522240 16711680
 815  128  522496 16711680  847  152  522240 16711680  844  155  522496 16711680
 845  154  522240 16711680  841  157  522240 16711680  867  185  522240 16711680
 845  154  522240 16711680  867  185  522240 16711680  870  181  522240 16711680
 848  151  522240 16711680  845  154  522240 16711680  870  181  522240 16711680
 848  151  522240 16711680  870  181  522240 16711680  873  178  522240 16711680
 849  150  522240 16711680  848  151  522240 16711680  873  178  522240 16711680
 849  150  522240 16711680  873  178  522240 16711680  874  177  522240 16711680
 849  150  522240 16711680  849  150  522240 16711680  874  177  522240 16711680
 849  150  522240 16711680  874  177  522240 16711680  875  178  522240 16711680
 847  152  522240 16711680  849  150  522240 16711680  875  178  522240 16711680
 847  152  522240 16711680  875  178  522240 16711680  873  180  522240 16711680
 844  155  522496 16711680  847  152  522240 16711680  873  180  522240 16711680
 844  155  522496 16711680  873  180  522240 16711680  870  184  522496 16711680
 870  181  522240 16711680  867  185  522240 16711680  890  214  521984 16711680
 870  181  522240 16711680  890  214  521984 16711680  893  210  521984 16711680
 873  178  522240 16711680  870  181  522240 16711680  893  210  521984 16711680
 873  178  522240 16711680  893  210  521984 16711680  896  208  521984 16711680
 874  177  522240 16711680  873  178  522240 16711680  896  208  521984 16711680
 874  177  522240 16711680  896  208  521984 16711680  898  207  521984 16711680
 875  178  522240 16711680  874  177  522240 16711680  898  207  521984 16711680
 875  178  522240 16711680  898  207  521984 16711680  898  208  521984 16711680
 873  180  522240 16711680  875  178  522240 16711680  898  208  521984 16711680
 873  180  522240 16711680  898  208  521984 16711680  898  211  521984 16711680
 870  184  522496 16711680  873  180  522240 16711680  898  211  521984 16711680
 870  184  522496 16711680  898  211  521984 16711680  895  216  522240 16711680
 882  235  522496 16711680  895  216  522240 16711680  915  247  521984 16711680
 882  235  522496 16711680  915  247  521984 16711680  902  269  522240 16711680
 868  253  522880 16711680  882  235  522496 16711680  902  269  522240 16711680
 868  253  522880 16711680  902  269  522240 16711680  890  289  522496 16711680
 856  270  523136 16711680  868  253  522880 16711680  890  289  522496 16711680
 856  270  523136 16711680  890  289  522496 16711680  877  307  522880 16711680
 843  285  523392 16711680  856  270  523136 16711680  877  307  522880 16711680
 843  285  523392 16711680  877  307  522880 16711680  865  324  523136 16711680
 830  300  523776 16711680  843  285  523392 16711680  865  324  523136 16711680
 830  300  523776 16711680  865  324  523136 16711680  851  339  523264 16711680
 816  313  523776 16711680  830  300  523776 16711680  851  339  523264 16711680
 816  313  523776 16711680  851  339  523264 16711680  837  352  523520 16711680
 902  269  522240 16711680  915  247  521984 16711680  928  276  521344 16711680
 902  269  522240 16711680  928  276  521344 16711680  916  300  521984 16711680
 890  289  522496 16711680  902  269  522240 16711680  916  300  521984 16711680
 890  289  522496 16711680  916  300  521984 16711680  903  322  521984 16711680
 877  307  522880 16711680  890  289  522496 16711680  903  322  521984 16711680
 877  307  522880 16711680  903  322  521984 16711680  891  342  522240 16711680
 865  324  523136 16711680  877  307  522880 16711680  891  342  522240 16711680
 865  324  523136 16711680  891  342  522240 16711680  878  361  522624 16711680
 851  339  523264 16711680  865  324  523136 16711680  878  361  522624 16711680
 851  339  523264 16711680  878  361  522624 16711680  864  377  522880 16711680
 837  352  523520 16711680  851  339  523264 16711680  864  377  522880 16711680
 837  352  523520 16711680  864  377  522880 16711680  849  390  523136 16711680
 916  300  521984 16711680  928  276  521344 16711680  935  301  520960 16711680
 916  300  521984 16711680  935  301  520960 16711680  922  327  521344 16711680
 903  322  521984 16711680  916  300  521984 16711680  922  327  521344 16711680
 903  322  521984 16711680  922  327  521344 16711680  909  352  521600 16711680
 891  342  522240 16711680  903  322  521984 16711680  909  352  521600 16711680
 891  342  522240 16711680  909  352  521600 16711680  896  374  521728 16711680
 878  361  522624 16711680  891  342  522240 16711680  896  374  521728 16711680
 878  361  522624 16711680  896  374  521728 16711680  883  394  521984 16711680
 864  377  522880 16711680  878  361  522624 16711680  883  394  521984 16711680
 864  377  522880 16711680  883  394  521984 16711680  869  411  522496 16711680
 849  390  523136 16711680  864  377  522880 16711680  869  411  522496 16711680
 849  390  523136 16711680  869  411  522496 16711680  853  425  522368 16711680
 922  327  521344 16711680  935  301  520960 16711680  933  321  520320 16711680
 922  327  521344 16711680  933  321  520320 16711680  920  350  520704 16711680
 909  352  521600 16711680  922  327  521344 16711680  920  350  520704 16711680
 909  352  521600 16711680  920  350  520704 16711680  906  377  520960 16711680
 896  374  521728 16711680  909  352  521600 16711680  906  377  520960 16711680
 896  374  521728 16711680  906  377  520960 16711680  893  401  521344 16711680
 883  394  521984 16711680  896  374  521728 16711680  893  401  521344 16711680
 883  394  521984 16711680  893  401  521344 16711680  879  423  521600 16711680
 869  411  522496 16711680  883  394  521984 16711680  879  423  521600 16711680
 869  411  522496 16711680  879  423  521600 16711680  864  441  521728 16711680
 853  425  522368 16711680  869  411  522496 16711680  864  441  521728 16711680
 853  425  522368 16711680  864  441  521728 16711680  847  455  521984 16711680
 920  350  520704 16711680  933  321  520320 16711680  922  335  519808 16711680
 920  350  520704 16711680  922  335  519808 16711680  907  366  520192 16711680
 906  377  520960 16711680  920  350  520704 16711680  907  366  520192 16711680
 906  377  520960 16711680  907  366  520192 16711680  893  395  520192 16711680
 893  401  521344 16711680  906  377  520960 16711680  893  395  520192 16711680
 893  401  521344 16711680  893  395  520192 16711680  878  421  520576 16711680
 879  423  521600 16711680  893  401  521344 16711680  878  421  520576 16711680
 879  423  521600 16711680  878  421  520576 16711680  863  444  520704 16711680
 864  441  521728 16711680  879  423  521600 16711680  863  444  520704 16711680
 864  441  521728 16711680  863  444  520704 16711680  847  464  520960 16711680
 847  455  521984 16711680  864  441  521728 16711680  847  464  520960 16711680
 847  455  521984 16711680  847  464  520960 16711680  830  479  521088 16711680
 907  366  520192 16711680  922  335  519808 16711680  901  339  519040 16711680
 907  366  520192 16711680  901  339  519040 16711680  884  372  519424 16711680
 893  395  520192 16711680  907  366  520192 16711680  884  372  519424 16711680
 893  395  520192 16711680  884  372  519424 16711680  867  403  519424 16711680
 878  421  520576 16711680  893  395  520192 16711680  867  403  519424 16711680
 878  421  520576 16711680  867  403  519424 16711680  850  431  519552 16711680
 863  444  520704 16711680  878  421  520576 16711680  850  431  519552 16711680
 863  444  520704 16711680  850  431  519552 16711680  834  456  519936 16711680
 847  464  520960 16711680  863  444  520704 16711680  834  456  519936 16711680
 847  464  520960 16711680  834  456  519936 16711680  816  476  520192 16711680
 830  479  521088 16711680  847  464  520960 16711680  816  476  520192 16711680
 830  479  521088 16711680  816  476  520192 16711680  799  492  520320 16711680
 884  372  519424 16711680  901  339  519040 16711680  870  332  518400 16711680
 884  372  519424 16711680  870  332  518400 16711680  850  366  518912 16711680
 867  403  519424 16711680  884  372  519424 16711680  850  366  518912 16711680
 867  403  519424 16711680  850  366  518912 16711680  831  398  518656 16711680
 850  431  519552 16711680  867  403  519424 16711680  831  398  518656 16711680
 850  431  519552 16711680  831  398  518656 16711680  811  428  519040 16711680
 834  456  519936 16711680  850  431  519552 16711680  811  428  519040 16711680
 834  456  519936 16711680  811  428  519040 16711680  793  453  519040 16711680
 816  476  520192 16711680  834  456  519936 16711680  793  453  519040 16711680
 816  476  520192 16711680  793  453  519040 16711680  774  475  519424 16711680
 799  492  520320 16711680  816  476  520192 16711680  774  475  519424 16711680
 799  492  520320 16711680  774  475  519424 16711680  756  492  519808 16711680
 850  366  518912 16711680  870  332  518400 16711680  833  314  517632 16711680
 850  366  518912 16711680  833  314  517632 16711680  810  348  518016 16711680
 831  398  518656 16711680  850  366  518912 16711680  810  348  518016 16711680
 831  398  518656 16711680  810  348  518016 16711680  787  380  518400 16711680
 811  428  519040 16711680  831  398  518656 16711680  787  380  518400 16711680
 811  428  519040 16711680  787  380  518400 16711680  765  410  518528 16711680
 793  453  519040 16711680  811  428  519040 16711680  765  410  518528 16711680
 793  453  519040 16711680  765  410  518528 16711680  745  436  518528 16711680
 774  475  519424 16711680  793  453  519040 16711680  745  436  518528 16711680
 774  475  519424 16711680  745  436  518528 16711680  724  458  518656 16711680
 756  492  519808 16711680  774  475  519424 16711680  724  458  518656 16711680
 756  492  519808 16711680  724  458  518656 16711680  706  476  519040 16711680
 810  348  518016 16711680  833  314  517632 16711680  792  286  517504 16711680
 810  348  518016 16711680  792  286  517504 16711680  766  319  517504 16711680
 787  380  518400 16711680  810  348  518016 16711680  766  319  517504 16711680
 787  380  518400 16711680  766  319  517504 16711680  740  350  517632 16711680
 765  410  518528 16711680  787  380  518400 16711680  740  350  517632 16711680
 765  410  518528 16711680  740  350  517632 16711680  716  378  518016 16711680
 745  436  518528 16711680  765  410  518528 16711680  716  378  518016 16711680
 745  436  518528 16711680  716  378  518016 16711680  692  404  518144 16711680
 724  458  518656 16711680  745  436  518528 16711680  692  404  518144 16711680
 724  458  518656 16711680  692  404  518144 16711680  671  427  518528 16711680
 706  476  519040 16711680  724  458  518656 16711680  671  427  518528 16711680
 706  476  519040 16711680  671  427  518528 16711680  653  445  518656 16711680
 766  319  517504 16711680  792  286  517504 16711680  752  250  517504 16711680
 766  319  517504 16711680  752  250  517504 16711680  722  280  517504 16711680
 740  350  517632 16711680  766  319  517504 16711680  722  280  517504 16711680
 740  350  517632 16711680  722  280  517504 16711680  694  309  517504 16711680
 716  378  518016 16711680  740  350  517632 16711680  694  309  517504 16711680
 716  378  518016 16711680  694  309  517504 16711680  667  336  517632 16711680
 692  404  518144 16711680  716  378  518016 16711680  667  336  517632 16711680
 692  404  518144 16711680  667  336  517632 16711680  642  361  518016 16711680
 671  427  518528 16711680  692  404  518144 16711680  642  361  518016 16711680
 671  427  518528 16711680  642  361  518016 16711680  620  383  518144 16711680
 653  445  518656 16711680  671  427  518528 16711680  620  383  518144 16711680
 653  445  518656 16711680  620  383  518144 16711680  601  401  518528 16711680
 722  280  517504 16711680  752  250  517504 16711680  715  209  517504 16711680
 722  280  517504 16711680  715  209  517504 16711680  683  236  517504 16711680
 694  309  517504 16711680  722  280  517504 16711680  683  236  517504 16711680
 694  309  517504 16711680  683  236  517504 16711680  653  262  517632 16711680
 667  336  517632 16711680  694  309  517504 16711680  653  262  517632 16711680
 667  336  517632 16711680  653  262  517632 16711680  624  286  518016 16711680
 642  361  518016 16711680  667  336  517632 16711680  624  286  518016 16711680
 642  361  518016 16711680  624  286  518016 16711680  597  309  518144 16711680
 620  383  518144 16711680  642  361  518016 16711680  597  309  518144 16711680
 620  383  518144 16711680  597  309  518144 16711680  575  331  518144 16711680
 601  401  518528 16711680  620  383  518144 16711680  575  331  518144 16711680
 601  401  518528 16711680  575  331  518144 16711680  557  349  518656 16711680
 683  236  517504 16711680  715  209  517504 16711680  685  166  518016 16711680
 683  236  517504 16711680  685  166  518016 16711680  652  189  518016 16711680
 653  262  517632 16711680  683  236  517504 16711680  652  189  518016 16711680
 653  262  517632 16711680  652  189  518016 16711680  620  212  518144 16711680
 624  286  518016 16711680  653  262  517632 16711680  620  212  518144 16711680
 624  286  518016 16711680  620  212  518144 16711680  590  233  518144 16711680
 597  309  518144 16711680  624  286  518016 16711680  590  233  518144 16711680
 597  309  518144 16711680  590  233  518144 16711680  564  254  518528 16711680
 575  331  518144 16711680  597  309  518144 16711680  564  254  518528 16711680
 575  331  518144 16711680  564  254  518528 16711680  542  274  518912 16711680
 557  349  518656 16711680  575  331  518144 16711680  542  274  518912 16711680
 557  349  518656 16711680  542  274  518912 16711680  524  293  519040 16711680
 652  189  518016 16711680  685  166  518016 16711680  667  128  518528 16711680
 652  189  518016 16711680  667  128  518528 16711680  633  147  518528 16711680
 620  212  518144 16711680  652  189  518016 16711680  633  147  518528 16711680
 620  212  518144 16711680  633  147  518528 16711680  601  166  518912 16711680
 590  233  518144 16711680  620  212  518144 16711680  601  166  518912 16711680
 590  233  518144 16711680  601  166  518912 16711680  572  185  519040 16711680
 564  254  518528 16711680  590  233  518144 16711680  572  185  519040 16711680
 564  254  518528 16711680  572  185  519040 16711680  546  204  519424 16711680
 542  274  518912 16711680  564  254  518528 16711680  546  204  519424 16711680
 542  274  518912 16711680  546  204  519424 16711680  524  223  519424 16711680
 524  293  519040 16711680  542  274  518912 16711680  524  223  519424 16711680
 524  293  519040 16711680  524  223  519424 16711680  508  241  519552 16711680
 633  147  518528 16711680  667  128  518528 16711680  660  98  519040 16711680
 633  147  518528 16711680  660  98  519040 16711680  628  115  519424 16711680
 601  166  518912 16711680  633  147  518528 16711680  628  115  519424 16711680
 601  166  518912 16711680  628  115  519424 16711680  597  132  519168 16711680
 572  185  519040 16711680  601  166  518912 16711680  597  132  519168 16711680
 572  185  519040 16711680  597  132  519168 16711680  569  148  519552 16711680
 546  204  519424 16711680  572  185  519040 16711680  569  148  519552 16711680
 546  204  519424 16711680  569  148  519552 16711680  544  165  519936 16711680
 524  223  519424 16711680  546  204  519424 16711680  544  165  519936 16711680
 524  223  519424 16711680  544  165  519936 16711680  523  182  520192 16711680
 508  241  519552 16711680  524  223  519424 16711680  523  182  520192 16711680
 508  241  519552 16711680  523  182  520192 16711680  507  200  520320 16711680
 628  115  519424 16711680  660  98  519040 16711680  665  78  519552 16711680
 628  115  519424 16711680  665  78  519552 16711680  634  93  519936 16711680
 597  132  519168 16711680  628  115  519424 16711680  634  93  519936 16711680
 597  132  519168 16711680  634  93  519936 16711680  605  108  520192 16711680
 569  148  519552 16711680  597  132  519168 16711680  605  108  520192 16711680
 569  148  519552 16711680  605  108  520192 16711680  578  122  520576 16711680
 544  165  519936 16711680  569  148  519552 16711680  578  122  520576 16711680
 544  165  519936 16711680  578  122  520576 16711680  555  138  520704 16711680
 523  182  520192 16711680  544  165  519936 16711680  555  138  520704 16711680
 523  182  520192 16711680  555  138  520704 16711680  535  154  520960 16711680
 507  200  520320 16711680  523  182  520192 16711680  535  154  520960 16711680
 507  200  520320 16711680  535  154  520960 16711680  520  171  521088 16711680
 634  93  519936 16711680  665  78  519552 16711680  678  68  520320 16711680
 634  93  519936 16711680  678  68  520320 16711680  649  81  520320 16711680
 605  108  520192 16711680  634  93  519936 16711680  649  81  520320 16711680
 605  108  520192 16711680  649  81  520320 16711680  622  94  520960 16711680
 578  122  520576 16711680  605  108  520192 16711680  622  94  520960 16711680
 578  122  520576 16711680  622  94  520960 16711680  598  108  521088 16711680
 555  138  520704 16711680  578  122  520576 16711680  598  108  521088 16711680
 555  138  520704 16711680  598  108  521088 16711680  576  122  521600 16711680
 535  154  520960 16711680  555  138  520704 16711680  576  122  521600 16711680
 535  154  520960 16711680  576  122  521600 16711680  558  137  521600 16711680
 520  171  521088 16711680  535  154  520960 16711680  558  137  521600 16711680
 520  171  521088 16711680  558  137  521600 16711680  543  153  521728 16711680
 649  81  520320 16711680  678  68  520320 16711680  698  66  520704 16711680
 649  81  520320 16711680  698  66  520704 16711680  672  79  521344 16711680
 622  94  520960 16711680  649  81  520320 16711680  672  79  521344 16711680
 622  94  520960 16711680  672  79  521344 16711680  648  91  521344 16711680
 598  108  521088 16711680  622  94  520960 16711680  648  91  521344 16711680
 598  108  521088 16711680  648  91  521344 16711680  625  104  521728 16711680
 576  122  521600 16711680  598  108  521088 16711680  625  104  521728 16711680
 576  122  521600 16711680  625  104  521728 16711680  605  117  521984 16711680
 558  137  521600 16711680  576  122  521600 16711680  605  117  521984 16711680
 558  137  521600 16711680  605  117  521984 16711680  588  131  522240 16711680
 543  153  521728 16711680  558  137  521600 16711680  588  131  522240 16711680
 543  153  521728 16711680  588  131  522240 16711680  574  147  522368 16711680
 672  79  521344 16711680  698  66  520704 16711680  725  72  521600 16711680
 672  79  521344 16711680  725  72  521600 16711680  701  85  521728 16711680
 648  91  521344 16711680  672  79  521344 16711680  701  85  521728 16711680
 648  91  521344 16711680  701  85  521728 16711680  679  97  521984 16711680
 625  104  521728 16711680  648  91  521344 16711680  679  97  521984 16711680
 625  104  521728 16711680  679  97  521984 16711680  659  110  522240 16711680
 605  117  521984 16711680  625  104  521728 16711680  659  110  522240 16711680
 605  117  521984 16711680  659  110  522240 16711680  640  123  522624 16711680
 588  131  522240 16711680  605  117  521984 16711680  640  123  522624 16711680
 588  131  522240 16711680  640  123  522624 16711680  625  136  522880 16711680
 574  147  522368 16711680  588  131  522240 16711680  625  136  522880 16711680
 574  147  522368 16711680  625  136  522880 16711680  611  151  523136 16711680
 701  85  521728 16711680  725  72  521600 16711680  755  86  521728 16711680
 701  85  521728 16711680  755  86  521728 16711680  734  99  522240 16711680
 679  97  521984 16711680  701  85  521728 16711680  734  99  522240 16711680
 679  97  521984 16711680  734  99  522240 16711680  714  112  522496 16711680
 659  110  522240 16711680  679  97  521984 16711680  714  112  522496 16711680
 659  110  522240 16711680  714  112  522496 16711680  695  124  522880 16711680
 640  123  522624 16711680  659  110  522240 16711680  695  124  522880 16711680
 640  123  522624 16711680  695  124  522880 16711680  679  137  523136 16711680
 625  136  522880 16711680  640  123  522624 16711680  679  137  523136 16711680
 625  136  522880 16711680  679  137  523136 16711680  664  150  523392 16711680
 611  151  523136 16711680  625  136  522880 16711680  664  150  523392 16711680
 611  151  523136 16711680  664  150  523392 16711680  650  164  523520 16711680
 734  99  522240 16711680  755  86  521728 16711680  785  105  522240 16711680
 734  99  522240 16711680  785  105  522240 16711680  766  119  522496 16711680
 714  112  522496 16711680  734  99  522240 16711680  766  119  522496 16711680
 714  112  522496 16711680  766  119  522496 16711680  748  132  522880 16711680
 695  124  522880 16711680  714  112  522496 16711680  748  132  522880 16711680
 695  124  522880 16711680  748  132  522880 16711680  731  145  523136 16711680
 679  137  523136 16711680  695  124  522880 16711680  731  145  523136 16711680
 679  137  523136 16711680  731  145  523136 16711680  716  158  523392 16711680
 664  150  523392 16711680  679  137  523136 16711680  716  158  523392 16711680
 664  150  523392 16711680  716  158  523392 16711680  701  171  523520 16711680
 650  164  523520 16711680  664  150  523392 16711680  701  171  523520 16711680
 650  164  523520 16711680  701  171  523520 16711680  688  184  523776 16711680
 766  119  522496 16711680  785  105  522240 16711680  815  128  522496 16711680
 766  119  522496 16711680  815  128  522496 16711680  798  143  522752 16711680
 748  132  522880 16711680  766  119  522496 16711680  798  143  522752 16711680
 748  132  522880 16711680  798  143  522752 16711680  781  157  522880 16711680
 731  145  523136 16711680  748  132  522880 16711680  781  157  522880 16711680
 731  145  523136 16711680  781  157  522880 16711680  766  170  523392 16711680
 716  158  523392 16711680  731  145  523136 16711680  766  170  523392 16711680
 716  158  523392 16711680  766  170  523392 16711680  751  183  523520 16711680
 701  171  523520 16711680  716  158  523392 16711680  751  183  523520 16711680
 701  171  523520 16711680  751  183  523520 16711680  737  197  524032 16711680
 688  184  523776 16711680  701  171  523520 16711680  737  197  524032 16711680
 688  184  523776 16711680  737  197  524032 16711680  724  210  523776 16711680
 798  143  522752 16711680  815  128  522496 16711680  844  155  522496 16711680
 798  143  522752 16711680  844  155  522496 16711680  828  171  522880 16711680
 781  157  522880 16711680  798  143  522752 16711680  828  171  522880 16711680
 781  157  522880 16711680  828  171  522880 16711680  813  186  523136 16711680
 766  170  523392 16711680  781  157  522880 16711680  813  186  523136 16711680
 766  170  523392 16711680  813  186  523136 16711680  798  200  523392 16711680
 751  183  523520 16711680  766  170  523392 16711680  798  200  523392 16711680
 751  183  523520 16711680  798  200  523392 16711680  784  214  523776 16711680
 737  197  524032 16711680  751  183  523520 16711680  784  214  523776 16711680
 737  197  524032 16711680  784  214  523776 16711680  771  227  524032 16711680
 724  210  523776 16711680  737  197  524032 16711680  771  227  524032 16711680
 724  210  523776 16711680  771  227  524032 16711680  758  240  523776 16711680
 828  171  522880 16711680  844  155  522496 16711680  870  184  522496 16711680
 828  171  522880 16711680  870  184  522496 16711680  856  201  522752 16711680
 813  186  523136 16711680  828  171  522880 16711680  856  201  522752 16711680
 813  186  523136 16711680  856  201  522752 16711680  842  218  523136 16711680
 798  200  523392 16711680  813  186  523136 16711680  842  218  523136 16711680
 798  200  523392 16711680  842  218  523136 16711680  829  233  523392 16711680
 784  214  523776 16711680  798  200  523392 16711680  829  233  523392 16711680
 784  214  523776 16711680  829  233  523392 16711680  815  248  523520 16711680
 771  227  524032 16711680  784  214  523776 16711680  815  248  523520 16711680
 771  227  524032 16711680  815  248  523520 16711680  802  261  523776 16711680
 758  240  523776 16711680  771  227  524032 16711680  802  261  523776 16711680
 758  240  523776 16711680  802  261  523776 16711680  789  274  524032 16711680
 856  201  522752 16711680  870  184  522496 16711680  895  216  522240 16711680
 856  201  522752 16711680  895  216  522240 16711680  882  235  522496 16711680
 842  218  523136 16711680  856  201  522752 16711680  882  235  522496 16711680
 842  218  523136 16711680  882  235  522496 16711680  868  253  522880 16711680
 829  233  523392 16711680  842  218  523136 16711680  868  253  522880 16711680
 829  233  523392 16711680  868  253  522880 16711680  856  270  523136 16711680
 815  248  523520 16711680  829  233  523392 16711680  856  270  523136 16711680
 815  248  523520 16711680  856  270  523136 16711680  843  285  523392 16711680
 802  261  523776 16711680  815  248  523520 16711680  843  285  523392 16711680
 802  261  523776 16711680  843  285  523392 16711680  830  300  523776 16711680
 789  274  524032 16711680  802  261  523776 16711680  830  300  523776 16711680
 789  274  524032 16711680  830  300  523776 16711680  816  313  523776 16711680
 801  324  523776 16711680  816  313  523776 16711680  837  352  523520 16711680
 801  324  523776 16711680  837  352  523520 16711680  821  363  523520 16711680
 786  333  524032 16711680  801  324  523776 16711680  821  363  523520 16711680
 786  333  524032 16711680  821  363  523520 16711680  804  370  523520 16711680
 771  340  524032 16711680  786  333  524032 16711680  804  370  523520 16711680
 771  340  524032 16711680  804  370  523520 16711680  788  375  523520 16711680
 758  346  524032 16711680  771  340  524032 16711680  788  375  523520 16711680
 758  346  524032 16711680  788  375  523520 16711680  773  378  523520 16711680
 748  350  523776 16711680  758  346  524032 16711680  773  378  523520 16711680
 748  350  523776 16711680  773  378  523520 16711680  763  380  523520 16711680
 743  352  524032 16711680  748  350  523776 16711680  763  380  523520 16711680
 743  352  524032 16711680  763  380  523520 16711680  757  382  523520 16711680
 821  363  523520 16711680  837  352  523520 16711680  849  390  523136 16711680
 821  363  523520 16711680  849  390  523136 16711680  833  400  523136 16711680
 804  370  523520 16711680  821  363  523520 16711680  833  400  523136 16711680
 804  370  523520 16711680  833  400  523136 16711680  815  405  523136 16711680
 788  375  523520 16711680  804  370  523520 16711680  815  405  523136 16711680
 788  375  523520 16711680  815  405  523136 16711680  797  408  523392 16711680
 773  378  523520 16711680  788  375  523520 16711680  797  408  523392 16711680
 773  378  523520 16711680  797  408  523392 16711680  782  409  523392 16711680
 763  380  523520 16711680  773  378  523520 16711680  782  409  523392 16711680
 763  380  523520 16711680  782  409  523392 16711680  770  410  523136 16711680
 757  382  523520 16711680  763  380  523520 16711680  770  410  523136 16711680
 757  382  523520 16711680  770  410  523136 16711680  764  411  523392 16711680
 833  400  523136 16711680  849  390  523136 16711680  853  425  522368 16711680
 833  400  523136 16711680  853  425  522368 16711680  836  434  522752 16711680
 815  405  523136 16711680  833  400  523136 16711680  836  434  522752 16711680
 815  405  523136 16711680  836  434  522752 16711680  817  438  522880 16711680
 797  408  523392 16711680  815  405  523136 16711680  817  438  522880 16711680
 797  408  523392 16711680  817  438  522880 16711680  798  438  522624 16711680
 782  409  523392 16711680  797  408  523392 16711680  798  438  522624 16711680
 782  409  523392 16711680  798  438  522624 16711680  783  437  522880 16711680
 770  410  523136 16711680  782  409  523392 16711680  783  437  522880 16711680
 770  410  523136 16711680  783  437  522880 16711680  771  436  522880 16711680
 764  411  523392 16711680  770  410  523136 16711680  771  436  522880 16711680
 764  411  523392 16711680  771  436  522880 16711680  765  437  523136 16711680
 836  434  522752 16711680  853  425  522368 16711680  847  455  521984 16711680
 836  434  522752 16711680  847  455  521984 16711680  829  464  521984 16711680
 817  438  522880 16711680  836  434  522752 16711680  829  464  521984 16711680
 817  438  522880 16711680  829  464  521984 16711680  810  466  522240 16711680
 798  438  522624 16711680  817  438  522880 16711680  810  466  522240 16711680
 798  438  522624 16711680  810  466  522240 16711680  791  464  522240 16711680
 783  437  522880 16711680  798  438  522624 16711680  791  464  522240 16711680
 783  437  522880 16711680  791  464  522240 16711680  775  461  522240 16711680
 771  436  522880 16711680  783  437  522880 16711680  775  461  522240 16711680
 771  436  522880 16711680  775  461  522240 16711680  763  459  522496 16711680
 765  437  523136 16711680  771  436  522880 16711680  763  459  522496 16711680
 765  437  523136 16711680  763  459  522496 16711680  757  459  522496 16711680
 829  464  521984 16711680  847  455  521984 16711680  830  479  521088 16711680
 829  464  521984 16711680  830  479  521088 16711680  811  487  521344 16711680
 810  466  522240 16711680  829  464  521984 16711680  811  487  521344 16711680
 810  466  522240 16711680  811  487  521344 16711680  792  488  521600 16711680
 791  464  522240 16711680  810  466  522240 16711680  792  488  521600 16711680
 791  464  522240 16711680  792  488  521600 16711680  774  484  521728 16711680
 775  461  522240 16711680  791  464  522240 16711680  774  484  521728 16711680
 775  461  522240 16711680  774  484  521728 16711680  758  480  521984 16711680
 763  459  522496 16711680  775  461  522240 16711680  758  480  521984 16711680
 763  459  522496 16711680  758  480  521984 16711680  747  476  521984 16711680
 757  459  522496 16711680  763  459  522496 16711680  747  476  521984 16711680
 757  459  522496 16711680  747  476  521984 16711680  741  475  521984 16711680
 811  487  521344 16711680  830  479  521088 16711680  799  492  520320 16711680
 811  487  521344 16711680  799  492  520320 16711680  780  500  520960 16711680
 792  488  521600 16711680  811  487  521344 16711680  780  500  520960 16711680
 792  488  521600 16711680  780  500  520960 16711680  762  500  520960 16711680
 774  484  521728 16711680  792  488  521600 16711680  762  500  520960 16711680
 774  484  521728 16711680  762  500  520960 16711680  745  496  521088 16711680
 758  480  521984 16711680  774  484  521728 16711680  745  496  521088 16711680
 758  480  521984 16711680  745  496  521088 16711680  732  490  521344 16711680
 747  476  521984 16711680  758  480  521984 16711680  732  490  521344 16711680
 747  476  521984 16711680  732  490  521344 16711680  722  485  521344 16711680
 741  475  521984 16711680  747  476  521984 16711680  722  485  521344 16711680
 741  475  521984 16711680  722  485  521344 16711680  716  484  521600 16711680
 780  500  520960 16711680  799  492  520320 16711680  756  492  519808 16711680
 780  500  520960 16711680  756  492  519808 16711680  738  500  520192 16711680
 762  500  520960 16711680  780  500  520960 16711680  738  500  520192 16711680
 762  500  520960 16711680  738  500  520192 16711680  722  500  520320 16711680
 745  496  521088 16711680  762  500  520960 16711680  722  500  520320 16711680
 745  496  521088 16711680  722  500  520320 16711680  708  496  520576 16711680
 732  490  521344 16711680  745  496  521088 16711680  708  496  520576 16711680
 732  490  521344 16711680  708  496  520576 16711680  697  489  520704 16711680
 722  485  521344 16711680  732  490  521344 16711680  697  489  520704 16711680
 722  485  521344 16711680  697  489  520704 16711680  689  485  520960 16711680
 716  484  521600 16711680  722  485  521344 16711680  689  485  520960 16711680
 716  484  521600 16711680  689  485  520960 16711680  684  484  521088 16711680
 738  500  520192 16711680  756  492  519808 16711680  706  476  519040 16711680
 738  500  520192 16711680  706  476  519040 16711680  689  485  519424 16711680
 722  500  520320 16711680  738  500  520192 16711680  689  485  519424 16711680
 722  500  520320 16711680  689  485  519424 16711680  676  486  519808 16711680
 708  496  520576 16711680  722  500  520320 16711680  676  486  519808 16711680
 708  496  520576 16711680  676  486  519808 16711680  666  483  520192 16711680
 697  489  520704 16711680  708  496  520576 16711680  666  483  520192 16711680
 697  489  520704 16711680  666  483  520192 16711680  658  477  520320 16711680
 689  485  520960 16711680  697  489  520704 16711680  658  477  520320 16711680
 689  485  520960 16711680  658  477  520320 16711680  652  473  520704 16711680
 684  484  521088 16711680  689  485  520960 16711680  652  473  520704 16711680
 684  484  521088 16711680  652  473  520704 16711680  649  473  520960 16711680
 689  485  519424 16711680  706  476  519040 16711680  653  445  518656 16711680
 689  485  519424 16711680  653  445  518656 16711680  638  456  519040 16711680
 676  486  519808 16711680  689  485  519424 16711680  638  456  519040 16711680
 676  486  519808 16711680  638  456  519040 16711680  628  459  519424 16711680
 666  483  520192 16711680  676  486  519808 16711680  628  459  519424 16711680
 666  483  520192 16711680  628  459  519424 16711680  622  458  519552 16711680
 658  477  520320 16711680  666  483  520192 16711680  622  458  519552 16711680
 658  477  520320 16711680  622  458  519552 16711680  618  455  520192 16711680
 652  473  520704 16711680  658  477  520320 16711680  618  455  520192 16711680
 652  473  520704 16711680  618  455  520192 16711680  615  452  520320 16711680
 649  473  520960 16711680  652  473  520704 16711680  615  452  520320 16711680
 649  473  520960 16711680  615  452  520320 16711680  613  452  520576 16711680
 638  456  519040 16711680  653  445  518656 16711680  601  401  518528 16711680
 638  456  519040 16711680  601  401  518528 16711680  588  414  519040 16711680
 628  459  519424 16711680  638  456  519040 16711680  588  414  519040 16711680
 628  459  519424 16711680  588  414  519040 16711680  582  420  519424 16711680
 622  458  519552 16711680  628  459  519424 16711680  582  420  519424 16711680
 622  458  519552 16711680  582  420  519424 16711680  580  422  519808 16711680
 618  455  520192 16711680  622  458  519552 16711680  580  422  519808 16711680
 618  455  520192 16711680  580  422  519808 16711680  580  423  520192 16711680
 615  452  520320 16711680  618  455  520192 16711680  580  423  520192 16711680
 615  452  520320 16711680  580  423  520192 16711680  580  422  520320 16711680
 613  452  520576 16711680  615  452  520320 16711680  580  422  520320 16711680
 613  452  520576 16711680  580  422  520320 16711680  578  423  520576 16711680
 588  414  519040 16711680  601  401  518528 16711680  557  349  518656 16711680
 588  414  519040 16711680  557  349  518656 16711680  546  364  519040 16711680
 582  420  519424 16711680  588  414  519040 16711680  546  364  519040 16711680
 582  420  519424 16711680  546  364  519040 16711680  543  374  519424 16711680
 580  422  519808 16711680  582  420  519424 16711680  543  374  519424 16711680
 580  422  519808 16711680  543  374  519424 16711680  544  380  519808 16711680
 580  423  520192 16711680  580  422  519808 16711680  544  380  519808 16711680
 580  423  520192 16711680  544  380  519808 16711680  547  384  519936 16711680
 580  422  520320 16711680  580  423  520192 16711680  547  384  519936 16711680
 580  422  520320 16711680  547  384  519936 16711680  549  386  520320 16711680
 578  423  520576 16711680  580  422  520320 16711680  549  386  520320 16711680
 578  423  520576 16711680  549  386  520320 16711680  549  389  520576 16711680
 546  364  519040 16711680  557  349  518656 16711680  524  293  519040 16711680
 546  364  519040 16711680  524  293  519040 16711680  515  309  519424 16711680
 543  374  519424 16711680  546  364  519040 16711680  515  309  519424 16711680
 543  374  519424 16711680  515  309  519424 16711680  514  323  519808 16711680
 544  380  519808 16711680  543  374  519424 16711680  514  323  519808 16711680
 544  380  519808 16711680  514  323  519808 16711680  517  333  519936 16711680
 547  384  519936 16711680  544  380  519808 16711680  517  333  519936 16711680
 547  384  519936 16711680  517  333  519936 16711680  523  341  520576 16711680
 549  386  520320 16711680  547  384  519936 16711680  523  341  520576 16711680
 549  386  520320 16711680  523  341  520576 16711680  527  346  520704 16711680
 549  389  520576 16711680  549  386  520320 16711680  527  346  520704 16711680
 549  389  520576 16711680  527  346  520704 16711680  527  350  520960 16711680
 515  309  519424 16711680  524  293  519040 16711680  508  241  519552 16711680
 515  309  519424 16711680  508  241  519552 16711680  499  259  519936 16711680
 514  323  519808 16711680  515  309  519424 16711680  499  259  519936 16711680
 514  323  519808 16711680  499  259  519936 16711680  499  275  520320 16711680
 517  333  519936 16711680  514  323  519808 16711680  499  275  520320 16711680
 517  333  519936 16711680  499  275  520320 16711680  504  289  520704 16711680
 523  341  520576 16711680  517  333  519936 16711680  504  289  520704 16711680
 523  341  520576 16711680  504  289  520704 16711680  510  301  520960 16711680
 527  346  520704 16711680  523  341  520576 16711680  510  301  520960 16711680
 527  346  520704 16711680  510  301  520960 16711680  515  309  520960 16711680
 527  350  520960 16711680  527  346  520704 16711680  515  309  520960 16711680
 527  350  520960 16711680  515  309  520960 16711680  516  313  521344 16711680
 499  259  519936 16711680  508  241  519552 16711680  507  200  520320 16711680
 499  259  519936 16711680  507  200  520320 16711680  499  219  520704 16711680
 499  275  520320 16711680  499  259  519936 16711680  499  219  520704 16711680
 499  275  520320 16711680  499  219  520704 16711680  499  237  520960 16711680
 504  289  520704 16711680  499  275  520320 16711680  499  237  520960 16711680
 504  289  520704 16711680  499  237  520960 16711680  504  253  521088 16711680
 510  301  520960 16711680  504  289  520704 16711680  504  253  521088 16711680
 510  301  520960 16711680  504  253  521088 16711680  510  267  521344 16711680
 515  309  520960 16711680  510  301  520960 16711680  510  267  521344 16711680
 515  309  520960 16711680  510  267  521344 16711680  515  277  521600 16711680
 516  313  521344 16711680  515  309  520960 16711680  515  277  521600 16711680
 516  313  521344 16711680  515  277  521600 16711680  515  283  521344 16711680
 499  219  520704 16711680  507  200  520320 16711680  520  171  521088 16711680
 499  219  520704 16711680  520  171  521088 16711680  512  190  521344 16711680
 499  237  520960 16711680  499  219  520704 16711680  512  190  521344 16711680
 499  237  520960 16711680  512  190  521344 16711680  511  209  521600 16711680
 504  253  521088 16711680  499  237  520960 16711680  511  209  521600 16711680
 504  253  521088 16711680  511  209  521600 16711680  515  227  521728 16711680
 510  267  521344 16711680  504  253  521088 16711680  515  227  521728 16711680
 510  267  521344 16711680  515  227  521728 16711680  520  242  521728 16711680
 515  277  521600 16711680  510  267  521344 16711680  520  242  521728 16711680
 515  277  521600 16711680  520  242  521728 16711680  523  254  521984 16711680
 515  283  521344 16711680  515  277  521600 16711680  523  254  521984 16711680
 515  283  521344 16711680  523  254  521984 16711680  524  259  522240 16711680
 512  190  521344 16711680  520  171  521088 16711680  543  153  521728 16711680
 512  190  521344 16711680  543  153  521728 16711680  535  172  521984 16711680
 511  209  521600 16711680  512  190  521344 16711680  535  172  521984 16711680
 511  209  521600 16711680  535  172  521984 16711680  532  191  522240 16711680
 515  227  521728 16711680  511  209  521600 16711680  532  191  522240 16711680
 515  227  521728 16711680  532  191  522240 16711680  534  210  522240 16711680
 520  242  521728 16711680  515  227  521728 16711680  534  210  522240 16711680
 520  242  521728 16711680  534  210  522240 16711680  538  226  522496 16711680
 523  254  521984 16711680  520  242  521728 16711680  538  226  522496 16711680
 523  254  521984 16711680  538  226  522496 16711680  540  238  522496 16711680
 524  259  522240 16711680  523  254  521984 16711680  540  238  522496 16711680
 524  259  522240 16711680  540  238  522496 16711680  540  244  522752 16711680
 535  172  521984 16711680  543  153  521728 16711680  574  147  522368 16711680
 535  172  521984 16711680  574  147  522368 16711680  565  165  522752 16711680
 532  191  522240 16711680  535  172  521984 16711680  565  165  522752 16711680
 532  191  522240 16711680  565  165  522752 16711680  561  184  522880 16711680
 534  210  522240 16711680  532  191  522240 16711680  561  184  522880 16711680
 534  210  522240 16711680  561  184  522880 16711680  561  202  522880 16711680
 538  226  522496 16711680  534  210  522240 16711680  561  202  522880 16711680
 538  226  522496 16711680  561  202  522880 16711680  562  218  523008 16711680
 540  238  522496 16711680  538  226  522496 16711680  562  218  523008 16711680
 540  238  522496 16711680  562  218  523008 16711680  563  230  522880 16711680
 540  244  522752 16711680  540  238  522496 16711680  563  230  522880 16711680
 540  244  522752 16711680  563  230  522880 16711680  563  236  523008 16711680
 565  165  522752 16711680  574  147  522368 16711680  611  151  523136 16711680
 565  165  522752 16711680  611  151  523136 16711680  602  168  523136 16711680
 561  184  522880 16711680  565  165  522752 16711680  602  168  523136 16711680
 561  184  522880 16711680  602  168  523136 16711680  596  186  523264 16711680
 561  202  522880 16711680  561  184  522880 16711680  596  186  523264 16711680
 561  202  522880 16711680  596  186  523264 16711680  593  203  523392 16711680
 562  218  523008 16711680  561  202  522880 16711680  593  203  523392 16711680
 562  218  523008 16711680  593  203  523392 16711680  592  219  523392 16711680
 563  230  522880 16711680  562  218  523008 16711680  592  219  523392 16711680
 563  230  522880 16711680  592  219  523392 16711680  591  230  523392 16711680
 563  236  523008 16711680  563  230  522880 16711680  591  230  523392 16711680
 563  236  523008 16711680  591  230  523392 16711680  590  236  523392 16711680
 602  168  523136 16711680  611  151  523136 16711680  650  164  523520 16711680
 602  168  523136 16711680  650  164  523520 16711680  640  180  523520 16711680
 596  186  523264 16711680  602  168  523136 16711680  640  180  523520 16711680
 596  186  523264 16711680  640  180  523520 16711680  633  197  523776 16711680
 593  203  523392 16711680  596  186  523264 16711680  633  197  523776 16711680
 593  203  523392 16711680  633  197  523776 16711680  628  213  523520 16711680
 592  219  523392 16711680  593  203  523392 16711680  628  213  523520 16711680
 592  219  523392 16711680  628  213  523520 16711680  624  227  523520 16711680
 591  230  523392 16711680  592  219  523392 16711680  624  227  523520 16711680
 591  230  523392 16711680  624  227  523520 16711680  622  238  523520 16711680
 590  236  523392 16711680  591  230  523392 16711680  622  238  523520 16711680
 590  236  523392 16711680  622  238  523520 16711680  620  243  523776 16711680
 640  180  523520 16711680  650  164  523520 16711680  688  184  523776 16711680
 640  180  523520 16711680  688  184  523776 16711680  677  199  523776 16711680
 633  197  523776 16711680  640  180  523520 16711680  677  199  523776 16711680
 633  197  523776 16711680  677  199  523776 16711680  668  215  524032 16711680
 628  213  523520 16711680  633  197  523776 16711680  668  215  524032 16711680
 628  213  523520 16711680  668  215  524032 16711680  661  229  523776 16711680
 624  227  523520 16711680  628  213  523520 16711680  661  229  523776 16711680
 624  227  523520 16711680  661  229  523776 16711680  655  242  524032 16711680
 622  238  523520 16711680  624  227  523520 16711680  655  242  524032 16711680
 622  238  523520 16711680  655  242  524032 16711680  651  252  523776 16711680
 620  243  523776 16711680  622  238  523520 16711680  651  252  523776 16711680
 620  243  523776 16711680  651  252  523776 16711680  648  257  524032 16711680
 677  199  523776 16711680  688  184  523776 16711680  724  210  523776 16711680
 677  199  523776 16711680  724  210  523776 16711680  712  224  524032 16711680
 668  215  524032 16711680  677  199  523776 16711680  712  224  524032 16711680
 668  215  524032 16711680  712  224  524032 16711680  702  238  524032 16711680
 661  229  523776 16711680  668  215  524032 16711680  702  238  524032 16711680
 661  229  523776 16711680  702  238  524032 16711680  693  251  524032 16711680
 655  242  524032 16711680  661  229  523776 16711680  693  251  524032 16711680
 655  242  524032 16711680  693  251  524032 16711680  685  262  524032 16711680
 651  252  523776 16711680  655  242  524032 16711680  685  262  524032 16711680
 651  252  523776 16711680  685  262  524032 16711680  679  270  524032 16711680
 648  257  524032 16711680  651  252  523776 16711680  679  270  524032 16711680
 648  257  524032 16711680  679  270  524032 16711680  676  275  524032 16711680
 712  224  524032 16711680  724  210  523776 16711680  758  240  523776 16711680
 712  224  524032 16711680  758  240  523776 16711680  745  253  524288 16711680
 702  238  524032 16711680  712  224  524032 16711680  745  253  524288 16711680
 702  238  524032 16711680  745  253  524288 16711680  733  265  524288 16711680
 693  251  524032 16711680  702  238  524032 16711680  733  265  524288 16711680
 693  251  524032 16711680  733  265  524288 16711680  722  277  524288 16711680
 685  262  524032 16711680  693  251  524032 16711680  722  277  524288 16711680
 685  262  524032 16711680  722  277  524288 16711680  712  286  524032 16711680
 679  270  524032 16711680  685  262  524032 16711680  712  286  524032 16711680
 679  270  524032 16711680  712  286  524032 16711680  705  293  524032 16711680
 676  275  524032 16711680  679  270  524032 16711680  705  293  524032 16711680
 676  275  524032 16711680  705  293  524032 16711680  701  297  524032 16711680
 745  253  524288 16711680  758  240  523776 16711680  789  274  524032 16711680
 745  253  524288 16711680  789  274  524032 16711680  775  286  524288 16711680
 733  265  524288 16711680  745  253  524288 16711680  775  286  524288 16711680
 733  265  524288 16711680  775  286  524288 16711680  761  297  524032 16711680
 722  277  524288 16711680  733  265  524288 16711680  761  297  524032 16711680
 722  277  524288 16711680  761  297  524032 16711680  748  306  524032 16711680
 712  286  524032 16711680  722  277  524288 16711680  748  306  524032 16711680
 712  286  524032 16711680  748  306  524032 16711680  737  314  524288 16711680
 705  293  524032 16711680  712  286  524032 16711680  737  314  524288 16711680
 705  293  524032 16711680  737  314  524288 16711680  729  320  524032 16711680
 701  297  524032 16711680  705  293  524032 16711680  729  320  524032 16711680
 701  297  524032 16711680  729  320  524032 16711680  724  323  524032 16711680
 775  286  524288 16711680  789  274  524032 16711680  816  313  523776 16711680
 775  286  524288 16711680  816  313  523776 16711680  801  324  523776 16711680
 761  297  524032 16711680  775  286  524288 16711680  801  324  523776 16711680
 761  297  524032 16711680  801  324  523776 16711680  786  333  524032 16711680
 748  306  524032 16711680  761  297  524032 16711680  786  333  524032 16711680
 748  306  524032 16711680  786  333  524032 16711680  771  340  524032 16711680
 737  314  524288 16711680  748  306  524032 16711680  771  340  524032 16711680
 737  314  524288 16711680  771  340  524032 16711680  758  346  524032 16711680
 729  320  524032 16711680  737  314  524288 16711680  758  346  524032 16711680
 729  320  524032 16711680  758  346  524032 16711680  748  350  523776 16711680
 724  323  524032 16711680  729  320  524032 16711680  748  350  523776 16711680
 724  323  524032 16711680  748  350  523776 16711680  743  352  524032 16711680
 681  360  523136 16711680  640  360  522624 16711680  673  347  523264 16711680
 708  359  523520 16711680  681  360  523136 16711680  673  347  523264 16711680
 708  359  523520 16711680  673  347  523264 16711680  695  338  523776 16711680
 725  358  523776 16711680  708  359  523520 16711680  695  338  523776 16711680
 725  358  523776 16711680  695  338  523776 16711680  709  332  524032 16711680
 735  356  523776 16711680  725  358  523776 16711680  709  332  524032 16711680
 735  356  523776 16711680  709  332  524032 16711680  717  328  524032 16711680
 741  354  523776 16711680  735  356  523776 16711680  717  328  524032 16711680
 741  354  523776 16711680  717  328  524032 16711680  722  325  524032 16711680
 743  352  524032 16711680  741  354  523776 16711680  722  325  524032 16711680
 743  352  524032 16711680  722  325  524032 16711680  724  323  524032 16711680
 673  347  523264 16711680  640  360  522624 16711680  663  336  523136 16711680
 695  338  523776 16711680  673  347  523264 16711680  663  336  523136 16711680
 695  338  523776 16711680  663  336  523136 16711680  679  320  523776 16711680
 709  332  524032 16711680  695  338  523776 16711680  679  320  523776 16711680
 709  332  524032 16711680  679  320  523776 16711680  689  310  523776 16711680
 717  328  524032 16711680  709  332  524032 16711680  689  310  523776 16711680
 717  328  524032 16711680  689  310  523776 16711680  695  303  524032 16711680
 722  325  524032 16711680  717  328  524032 16711680  695  303  524032 16711680
 722  325  524032 16711680  695  303  524032 16711680  699  300  524288 16711680
 724  323  524032 16711680  722  325  524032 16711680  699  300  524288 16711680
 724  323  524032 16711680  699  300  524288 16711680  701  297  524032 16711680
 663  336  523136 16711680  640  360  522624 16711680  653  326  523264 16711680
 679  320  523776 16711680  663  336  523136 16711680  653  326  523264 16711680
 679  320  523776 16711680  653  326  523264 16711680  661  304  523776 16711680
 689  310  523776 16711680  679  320  523776 16711680  661  304  523776 16711680
 689  310  523776 16711680  661  304  523776 16711680  667  290  524032 16711680
 695  303  524032 16711680  689  310  523776 16711680  667  290  524032 16711680
 695  303  524032 16711680  667  290  524032 16711680  671  282  524032 16711680
 699  300  524288 16711680  695  303  524032 16711680  671  282  524032 16711680
 699  300  524288 16711680  671  282  524032 16711680  674  278  524032 16711680
 701  297  524032 16711680  699  300  524288 16711680  674  278  524032 16711680
 701  297  524032 16711680  674  278  524032 16711680  676  275  524032 16711680
 653  326  523264 16711680  640  360  522624 16711680  641  319  523136 16711680
 661  304  523776 16711680  653  326  523264 16711680  641  319  523136 16711680
 661  304  523776 16711680  641  319  523136 16711680  642  292  523520 16711680
 667  290  524032 16711680  661  304  523776 16711680  642  292  523520 16711680
 667  290  524032 16711680  642  292  523520 16711680  643  275  523776 16711680
 671  282  524032 16711680  667  290  524032 16711680  643  275  523776 16711680
 671  282  524032 16711680  643  275  523776 16711680  645  265  523776 16711680
 674  278  524032 16711680  671  282  524032 16711680  645  265  523776 16711680
 674  278  524032 16711680  645  265  523776 16711680  647  260  523776 16711680
 676  275  524032 16711680  674  278  524032 16711680  647  260  523776 16711680
 676  275  524032 16711680  647  260  523776 16711680  648  257  524032 16711680
 641  319  523136 16711680  640  360  522624 16711680  628  314  523136 16711680
 642  292  523520 16711680  641  319  523136 16711680  628  314  523136 16711680
 642  292  523520 16711680  628  314  523136 16711680  622  283  523392 16711680
 643  275  523776 16711680  642  292  523520 16711680  622  283  523392 16711680
 643  275  523776 16711680  622  283  523392 16711680  618  264  523520 16711680
 645  265  523776 16711680  643  275  523776 16711680  618  264  523520 16711680
 645  265  523776 16711680  618  264  523520 16711680  617  252  523520 16711680
 647  260  523776 16711680  645  265  523776 16711680  617  252  523520 16711680
 647  260  523776 16711680  617  252  523520 16711680  618  246  523520 16711680
 648  257  524032 16711680  647  260  523776 16711680  618  246  523520 16711680
 648  257  524032 16711680  618  246  523520 16711680  620  243  523776 16711680
 628  314  523136 16711680  640  360  522624 16711680  616  311  522880 16711680
 622  283  523392 16711680  628  314  523136 16711680  616  311  522880 16711680
 622  283  523392 16711680  616  311  522880 16711680  601  279  523136 16711680
 618  264  523520 16711680  622  283  523392 16711680  601  279  523136 16711680
 618  264  523520 16711680  601  279  523136 16711680  593  258  523392 16711680
 617  252  523520 16711680  618  264  523520 16711680  593  258  523392 16711680
 617  252  523520 16711680  593  258  523392 16711680  589  246  523392 16711680
 618  246  523520 16711680  617  252  523520 16711680  589  246  523392 16711680
 618  246  523520 16711680  589  246  523392 16711680  589  239  523392 16711680
 620  243  523776 16711680  618  246  523520 16711680  589  239  523392 16711680
 620  243  523776 16711680  589  239  523392 16711680  590  236  523392 16711680
 616  311  522880 16711680  640  360  522624 16711680  605  312  522880 16711680
 601  279  523136 16711680  616  311  522880 16711680  605  312  522880 16711680
 601  279  523136 16711680  605  312  522880 16711680  583  280  523008 16711680
 593  258  523392 16711680  601  279  523136 16711680  583  280  523008 16711680
 593  258  523392 16711680  583  280  523008 16711680  569  259  523136 16711680
 589  246  523392 16711680  593  258  523392 16711680  569  259  523136 16711680
 589  246  523392 16711680  569  259  523136 16711680  563  246  523136 16711680
 589  239  523392 16711680  589  246  523392 16711680  563  246  523136 16711680
 589  239  523392 16711680  563  246  523136 16711680  562  239  523136 16711680
 590  236  523392 16711680  589  239  523392 16711680  562  239  523136 16711680
 590  236  523392 16711680  562  239  523136 16711680  563  236  523008 16711680
 605  312  522880 16711680  640  360  522624 16711680  597  317  522752 16711680
 583  280  523008 16711680  605  312  522880 16711680  597  317  522752 16711680
 583  280  523008 16711680  597  317  522752 16711680  568  286  522624 16711680
 569  259  523136 16711680  583  280  523008 16711680  568  286  522624 16711680
 569  259  523136 16711680  568  286  522624 16711680  550  266  522624 16711680
 563  246  523136 16711680  569  259  523136 16711680  550  266  522624 16711680
 563  246  523136 16711680  550  266  522624 16711680  542  254  522496 16711680
 562  239  523136 16711680  563  246  523136 16711680  542  254  522496 16711680
 562  239  523136 16711680  542  254  522496 16711680  539  247  522496 16711680
 563  236  523008 16711680  562  239  523136 16711680  539  247  522496 16711680
 563  236  523008 16711680  539  247  522496 16711680  540  244  522752 16711680
 597  317  522752 16711680  640  360  522624 16711680  592  324  522240 16711680
 568  286  522624 16711680  597  317  522752 16711680  592  324  522240 16711680
 568  286  522624 16711680  592  324  522240 16711680  558  298  522496 16711680
 550  266  522624 16711680  568  286  522624 16711680  558  298  522496 16711680
 550  266  522624 16711680  558  298  522496 16711680  537  280  522240 16711680
 542  254  522496 16711680  550  266  522624 16711680  537  280  522240 16711680
 542  254  522496 16711680  537  280  522240 16711680  526  269  521984 16711680
 539  247  522496 16711680  542  254  522496 16711680  526  269  521984 16711680
 539  247  522496 16711680  526  269  521984 16711680  523  263  521984 16711680
 540  244  522752 16711680  539  247  522496 16711680  523  263  521984 16711680
 540  244  522752 16711680  523  263  521984 16711680  524  259  522240 16711680
 592  324  522240 16711680  640  360  522624 16711680  589  334  521984 16711680
 558  298  522496 16711680  592  324  522240 16711680  589  334  521984 16711680
 558  298  522496 16711680  589  334  521984 16711680  553  314  521984 16711680
 537  280  522240 16711680  558  298  522496 16711680  553  314  521984 16711680
 537  280  522240 16711680  553  314  521984 16711680  530  300  521984 16711680
 526  269  521984 16711680  537  280  522240 16711680  530  300  521984 16711680
 526  269  521984 16711680  530  300  521984 16711680  518  291  521728 16711680
 523  263  521984 16711680  526  269  521984 16711680  518  291  521728 16711680
 523  263  521984 16711680  518  291  521728 16711680  515  286  521600 16711680
 524  259  522240 16711680  523  263  521984 16711680  515  286  521600 16711680
 524  259  522240 16711680  515  286  521600 16711680  515  283  521344 16711680
 589  334  521984 16711680  640  360  522624 16711680  590  346  521984 16711680
 553  314  521984 16711680  589  334  521984 16711680  590  346  521984 16711680
 553  314  521984 16711680  590  346  521984 16711680  554  334  521728 16711680
 530  300  521984 16711680  553  314  521984 16711680  554  334  521728 16711680
 530  300  521984 16711680  554  334  521728 16711680  531  326  521344 16711680
 518  291  521728 16711680  530  300  521984 16711680  531  326  521344 16711680
 518  291  521728 16711680  531  326  521344 16711680  519  320  521344 16711680
 515  286  521600 16711680  518  291  521728 16711680  519  320  521344 16711680
 515  286  521600 16711680  519  320  521344 16711680  515  316  521344 16711680
 515  283  521344 16711680  515  286  521600 16711680  515  316  521344 16711680
 515  283  521344 16711680  515  316  521344 16711680  516  313  521344 16711680
 590  346  521984 16711680  640  360  522624 16711680  595  360  521728 16711680
 554  334  521728 16711680  590  346  521984 16711680  595  360  521728 16711680
 554  334  521728 16711680  595  360  521728 16711680  562  359  521344 16711680
 531  326  521344 16711680  554  334  521728 16711680  562  359  521344 16711680
 531  326  521344 16711680  562  359  521344 16711680  541  357  521088 16711680
 519  320  521344 16711680  531  326  521344 16711680  541  357  521088 16711680
 519  320  521344 16711680  541  357  521088 16711680  530  355  520960 16711680
 515  316  521344 16711680  519  320  521344 16711680  530  355  520960 16711680
 515  316  521344 16711680  530  355  520960 16711680  526  353  520960 16711680
 516  313  521344 16711680  515  316  521344 16711680  526  353  520960 16711680
 516  313  521344 16711680  526  353  520960 16711680  527  350  520960 16711680
 595  360  521728 16711680  640  360  522624 16711680  604  374  521728 16711680
 562  359  521344 16711680  595  360  521728 16711680  604  374  521728 16711680
 562  359  521344 16711680  604  374  521728 16711680  576  383  521344 16711680
 541  357  521088 16711680  562  359  521344 16711680  576  383  521344 16711680
 541  357  521088 16711680  576  383  521344 16711680  559  389  520960 16711680
 530  355  520960 16711680  541  357  521088 16711680  559  389  520960 16711680
 530  355  520960 16711680  559  389  520960 16711680  550  391  520704 16711680
 526  353  520960 16711680  530  355  520960 16711680  550  391  520704 16711680
 526  353  520960 16711680  550  391  520704 16711680  548  391  520576 16711680
 527  350  520960 16711680  526  353  520960 16711680  548  391  520576 16711680
 527  350  520960 16711680  548  391  520576 16711680  549  389  520576 16711680
 604  374  521728 16711680  640  360  522624 16711680  614  386  521984 16711680
 576  383  521344 16711680  604  374  521728 16711680  614  386  521984 16711680
 576  383  521344 16711680  614  386  521984 16711680  595  406  521088 16711680
 559  389  520960 16711680  576  383  521344 16711680  595  406  521088 16711680
 559  389  520960 16711680  595  406  521088 16711680  584  418  520960 16711680
 550  391  520704 16711680  559  389  520960 16711680  584  418  520960 16711680
 550  391  520704 16711680  584  418  520960 16711680  578  424  520704 16711680
 548  391  520576 16711680  550  391  520704 16711680  578  424  520704 16711680
 548  391  520576 16711680  578  424  520704 16711680  577  425  520576 16711680
 549  389  520576 16711680  548  391  520576 16711680  577  425  520576 16711680
 549  389  520576 16711680  577  425  520576 16711680  578  423  520576 16711680
 614  386  521984 16711680  640  360  522624 16711680  627  397  521728 16711680
 595  406  521088 16711680  614  386  521984 16711680  627  397  521728 16711680
 595  406  521088 16711680  627  397  521728 16711680  617  424  521344 16711680
 584  418  520960 16711680  595  406  521088 16711680  617  424  521344 16711680
 584  418  520960 16711680  617  424  521344 16711680  612  442  520960 16711680
 578  424  520704 16711680  584  418  520960 16711680  612  442  520960 16711680
 578  424  520704 16711680  612  442  520960 16711680  610  451  520704 16711680
 577  425  520576 16711680  578  424  520704 16711680  610  451  520704 16711680
 577  425  520576 16711680  610  451  520704 16711680  611  454  520576 16711680
 578  423  520576 16711680  577  425  520576 16711680  611  454  520576 16711680
 578  423  520576 16711680  611  454  520576 16711680  613  452  520576 16711680
 627  397  521728 16711680  640  360  522624 16711680  640  405  521984 16711680
 617  424  521344 16711680  627  397  521728 16711680  640  405  521984 16711680
 617  424  521344 16711680  640  405  521984 16711680  641  438  521600 16711680
 612  442  520960 16711680  617  424  521344 16711680  641  438  521600 16711680
 612  442  520960 16711680  641  438  521600 16711680  642  459  521088 16711680
 610  451  520704 16711680  612  442  520960 16711680  642  459  521088 16711680
 610  451  520704 16711680  642  459  521088 16711680  644  470  520960 16711680
 611  454  520576 16711680  610  451  520704 16711680  644  470  520960 16711680
 611  454  520576 16711680  644  470  520960 16711680  647  474  520704 16711680
 613  452  520576 16711680  611  454  520576 16711680  647  474  520704 16711680
 613  452  520576 16711680  647  474  520704 16711680  649  473  520960 16711680
 640  405  521984 16711680  640  360  522624 16711680  653  410  521984 16711680
 641  438  521600 16711680  640  405  521984 16711680  653  410  521984 16711680
 641  438  521600 16711680  653  410  521984 16711680  664  446  521728 16711680
 642  459  521088 16711680  641  438  521600 16711680  664  446  521728 16711680
 642  459  521088 16711680  664  446  521728 16711680  672  469  521344 16711680
 644  470  520960 16711680  642  459  521088 16711680  672  469  521344 16711680
 644  470  520960 16711680  672  469  521344 16711680  678  481  521344 16711680
 647  474  520704 16711680  644  470  520960 16711680  678  481  521344 16711680
 647  474  520704 16711680  678  481  521344 16711680  681  485  521344 16711680
 649  473  520960 16711680  647  474  520704 16711680  681  485  521344 16711680
 649  473  520960 16711680  681  485  521344 16711680  684  484  521088 16711680
 653  410  521984 16711680  640  360  522624 16711680  666  411  522240 16711680
 664  446  521728 16711680  653  410  521984 16711680  666  411  522240 16711680
 664  446  521728 16711680  666  411  522240 16711680  685  447  521984 16711680
 672  469  521344 16711680  664  446  521728 16711680  685  447  521984 16711680
 672  469  521344 16711680  685  447  521984 16711680  699  469  521728 16711680
 678  481  521344 16711680  672  469  521344 16711680  699  469  521728 16711680
 678  481  521344 16711680  699  469  521728 16711680  708  481  521728 16711680
 681  485  521344 16711680  678  481  521344 16711680  708  481  521728 16711680
 681  485  521344 16711680  708  481  521728 16711680  713  485  521600 16711680
 684  484  521088 16711680  681  485  521344 16711680  713  485  521600 16711680
 684  484  521088 16711680  713  485  521600 16711680  716  484  521600 16711680
 666  411  522240 16711680  640  360  522624 16711680  676  408  522368 16711680
 685  447  521984 16711680  666  411  522240 16711680  676  408  522368 16711680
 685  447  521984 16711680  676  408  522368 16711680  703  442  522240 16711680
 699  469  521728 16711680  685  447  521984 16711680  703  442  522240 16711680
 699  469  521728 16711680  703  442  522240 16711680  721  462  522240 16711680
 708  481  521728 16711680  699  469  521728 16711680  721  462  522240 16711680
 708  481  521728 16711680  721  462  522240 16711680  732  473  521984 16711680
 713  485  521600 16711680  708  481  521728 16711680  732  473  521984 16711680
 713  485  521600 16711680  732  473  521984 16711680  738  476  521984 16711680
 716  484  521600 16711680  713  485  521600 16711680  738  476  521984 16711680
 716  484  521600 16711680  738  476  521984 16711680  741  475  521984 16711680
 676  408  522368 16711680  640  360  522624 16711680  684  403  522624 16711680
 703  442  522240 16711680  676  408  522368 16711680  684  403  522624 16711680
 703  442  522240 16711680  684  403  522624 16711680  715  431  522752 16711680
 721  462  522240 16711680  703  442  522240 16711680  715  431  522752 16711680
 721  462  522240 16711680  715  431  522752 16711680  735  449  522624 16711680
 732  473  521984 16711680  721  462  522240 16711680  735  449  522624 16711680
 732  473  521984 16711680  735  449  522624 16711680  747  457  522624 16711680
 738  476  521984 16711680  732  473  521984 16711680  747  457  522624 16711680
 738  476  521984 16711680  747  457  522624 16711680  753  460  522496 16711680
 741  475  521984 16711680  738  476  521984 16711680  753  460  522496 16711680
 741  475  521984 16711680  753  460  522496 16711680  757  459  522496 16711680
 684  403  522624 16711680  640  360  522624 16711680  688  394  522880 16711680
 715  431  522752 16711680  684  403  522624 16711680  688  394  522880 16711680
 715  431  522752 16711680  688  394  522880 16711680  721  417  523008 16711680
 735  449  522624 16711680  715  431  522752 16711680  721  417  523008 16711680
 735  449  522624 16711680  721  417  523008 16711680  742  430  523136 16711680
 747  457  522624 16711680  735  449  522624 16711680  742  430  523136 16711680
 747  457  522624 16711680  742  430  523136 16711680  755  436  523136 16711680
 753  460  522496 16711680  747  457  522624 16711680  755  436  523136 16711680
 753  460  522496 16711680  755  436  523136 16711680  761  438  523136 16711680
 757  459  522496 16711680  753  460  522496 16711680  761  438  523136 16711680
 757  459  522496 16711680  761  438  523136 16711680  765  437  523136 16711680
 688  394  522880 16711680  640  360  522624 16711680  689  384  522880 16711680
 721  417  523008 16711680  688  394  522880 16711680  689  384  522880 16711680
 721  417  523008 16711680  689  384  522880 16711680  722  399  523136 16711680
 742  430  523136 16711680  721  417  523008 16711680  722  399  523136 16711680
 742  430  523136 16711680  722  399  523136 16711680  743  408  523392 16711680
 755  436  523136 16711680  742  430  523136 16711680  743  408  523392 16711680
 755  436  523136 16711680  743  408  523392 16711680  755  412  523520 16711680
 761  438  523136 16711680  755  436  523136 16711680  755  412  523520 16711680
 761  438  523136 16711680  755  412  523520 16711680  761  412  523520 16711680
 765  437  523136 16711680  761  438  523136 16711680  761  412  523520 16711680
 765  437  523136 16711680  761  412  523520 16711680  764  411  523392 16711680
 689  384  522880 16711680  640  360  522624 16711680  687  373  523136 16711680
 722  399  523136 16711680  689  384  522880 16711680  687  373  523136 16711680
 722  399  523136 16711680  687  373  523136 16711680  717  380  523392 16711680
 743  408  523392 16711680  722  399  523136 16711680  717  380  523392 16711680
 743  408  523392 16711680  717  380  523392 16711680  737  384  523520 16711680
 755  412  523520 16711680  743  408  523392 16711680  737  384  523520 16711680
 755  412  523520 16711680  737  384  523520 16711680  748  385  523520 16711680
 761  412  523520 16711680  755  412  523520 16711680  748  385  523520 16711680
 761  412  523520 16711680  748  385  523520 16711680  754  384  523776 16711680
 764  411  523392 16711680  761  412  523520 16711680  754  384  523776 16711680
 764  411  523392 16711680  754  384  523776 16711680  757  382  523520 16711680
 687  373  523136 16711680  640  360  522624 16711680  681  360  523136 16711680
 717  380  523392 16711680  687  373  523136 16711680  681  360  523136 16711680
 717  380  523392 16711680  681  360  523136 16711680  708  359  523520 16711680
 737  384  523520 16711680  717  380  523392 16711680  708  359  523520 16711680
 737  384  523520 16711680  708  359  523520 16711680  725  358  523776 16711680
 748  385  523520 16711680  737  384  523520 16711680  725  358  523776 16711680
 748  385  523520 16711680  725  358  523776 16711680  735  356  523776 16711680
 754  384  523776 16711680  748  385  523520 16711680  735  356  523776 16711680
 754  384  523776 16711680  735  356  523776 16711680  741  354  523776 16711680
 757  382  523520 16711680  754  384  523776 16711680  741  354  523776 16711680
 757  382  523520 16711680  741  354  523776 16711680  743  352  524032 16711680
 844  173  520320 16711680  849  165  520192 16711680  852  169  519936 16711680
 844  173  520320 16711680  852  169  519936 16711680  847  178  519936 16711680
 847  178  519936 16711680  852  169  519936 16711680  853  172  520192 16711680
 847  178  519936 16711680  853  172  520192 16711680  848  181  520192 16711680
 848  181  520192 16711680  853  172  520192 16711680  854  175  519936 16711680
 848  181  520192 16711680  854  175  519936 16711680  849  184  519936 16711680
 849  184  519936 16711680  854  175  519936 16711680  853  177  519808 16711680
 849  184  519936 16711680  853  177  519808 16711680  848  187  519936 16711680
 848  187  519936 16711680  853  177  519808 16711680  852  178  519808 16711680
 848  187  519936 16711680  852  178  519808 16711680  846  188  519936 16711680
 846  188  519936 16711680  852  178  519808 16711680  849  177  519808 16711680
 846  188  519936 16711680  849  177  519808 16711680  843  187  519808 16711680
 843  187  519808 16711680  849  177  519808 16711680  846  176  519552 16711680
 843  187  519808 16711680  846  176  519552 16711680  839  186  519808 16711680
 839  186  519808 16711680  846  176  519552 16711680  842  174  519808 16711680
 839  186  519808 16711680  842  174  519808 16711680  835  183  519552 16711680
 835  183  519552 16711680  842  174  519808 16711680  838  171  519424 16711680
 835  183  519552 16711680  838  171  519424 16711680  830  179  519552 16711680
 830  179  519552 16711680  838  171  519424 16711680  833  167  519424 16711680
 830  179  519552 16711680  833  167  519424 16711680  825  175  519808 16711680
 825  175  519808 16711680  833  167  519424 16711680  830  163  519424 16711680
 825  175  519808 16711680  830  163  519424 16711680  821  170  519552 16711680
 821  170  519552 16711680  830  163  519424 16711680  826  158  519808 16711680
 821  170  519552 16711680  826  158  519808 16711680  817  165  519552 16711680
 817  165  519552 16711680  826  158  519808 16711680  824  154  519808 16711680
 817  165  519552 16711680  824  154  519808 16711680  814  161  519552 16711680
 814  161  519552 16711680  824  154  519808 16711680  823  151  519552 16711680
 814  161  519552 16711680  823  151  519552 16711680  813  157  519808 16711680
 813  157  519808 16711680  823  151  519552 16711680  822  149  519808 16711680
 813  157  519808 16711680  822  149  519808 16711680  812  154  519808 16711680
 812  154  519808 16711680  822  149  519808 16711680  823  147  519808 16711680
 812  154  519808 16711680  823  147  519808 16711680  813  152  519936 16711680
 813  152  519936 16711680  823  147  519808 16711680  825  146  519936 16711680
 813  152  519936 16711680  825  146  519936 16711680  815  151  519936 16711680
 815  151  519936 16711680  825  146  519936 16711680  828  147  520192 16711680
 815  151  519936 16711680  828  147  520192 16711680  819  152  520192 16711680
 819  152  520192 16711680  828  147  520192 16711680  831  148  519936 16711680
 819  152  520192 16711680  831  148  519936 16711680  823  153  520192 16711680
 823  153  520192 16711680  831  148  519936 16711680  835  151  519936 16711680
 823  153  520192 16711680  835  151  519936 16711680  827  156  520320 16711680
 827  156  520320 16711680  835  151  519936 16711680  839  154  520192 16711680
 827  156  520320 16711680  839  154  520192 16711680  832  160  520320 16711680
 832  160  520320 16711680  839  154  520192 16711680  843  157  520192 16711680
 832  160  520320 16711680  843  157  520192 16711680  836  164  520320 16711680
 836  164  520320 16711680  843  157  520192 16711680  847  161  520192 16711680
 836  164  520320 16711680  847  161  520192 16711680  840  168  520320 16711680
 840  168  520320 16711680  847  161  520192 16711680  849  165  520192 16711680
 840  168  520320 16711680  849  165  520192 16711680  844  173  520320 16711680
 848  181  520576 16711680  844  173  520320 16711680  847  178  519936 16711680
 848  181  520576 16711680  847  178  519936 16711680  853  189  520320 16711680
 858  188  520960 16711680  848  181  520576 16711680  853  189  520320 16711680
 858  188  520960 16711680  853  189  520320 16711680  866  201  520704 16711680
 870  195  521344 16711680  858  188  520960 16711680  866  201  520704 16711680
 870  195  521344 16711680  866  201  520704 16711680  881  214  520960 16711680
 880  202  521600 16711680  870  195  521344 16711680  881  214  520960 16711680
 880  202  521600 16711680  881  214  520960 16711680  895  225  521344 16711680
 886  208  521728 16711680  880  202  521600 16711680  895  225  521344 16711680
 886  208  521728 16711680  895  225  521344 16711680  902  234  521344 16711680
 884  213  521984 16711680  886  208  521728 16711680  902  234  521344 16711680
 884  213  521984 16711680  902  234  521344 16711680  902  241  521728 16711680
 853  189  520320 16711680  847  178  519936 16711680  848  181  520192 16711680
 853  189  520320 16711680  848  181  520192 16711680  856  196  520320 16711680
 866  201  520704 16711680  853  189  520320 16711680  856  196  520320 16711680
 866  201  520704 16711680  856  196  520320 16711680  871  212  520576 16711680
 881  214  520960 16711680  866  201  520704 16711680  871  212  520576 16711680
 881  214  520960 16711680  871  212  520576 16711680  888  230  520704 16711680
 895  225  521344 16711680  881  214  520960 16711680  888  230  520704 16711680
 895  225  521344 16711680  888  230  520704 16711680  904  245  520960 16711680
 902  234  521344 16711680  895  225  521344 16711680  904  245  520960 16711680
 902  234  521344 16711680  904  245  520960 16711680  913  258  521344 16711680
 902  241  521728 16711680  902  234  521344 16711680  913  258  521344 16711680
 902  241  521728 16711680  913  258  521344 16711680  913  266  521344 16711680
 856  196  520320 16711680  848  181  520192 16711680  849  184  519936 16711680
 856  196  520320 16711680  849  184  519936 16711680  857  201  520192 16711680
 871  212  520576 16711680  856  196  520320 16711680  857  201  520192 16711680
 871  212  520576 16711680  857  201  520192 16711680  873  221  520320 16711680
 888  230  520704 16711680  871  212  520576 16711680  873  221  520320 16711680
 888  230  520704 16711680  873  221  520320 16711680  891  243  520576 16711680
 904  245  520960 16711680  888  230  520704 16711680  891  243  520576 16711680
 904  245  520960 16711680  891  243  520576 16711680  908  262  520704 16711680
 913  258  521344 16711680  904  245  520960 16711680  908  262  520704 16711680
 913  258  521344 16711680  908  262  520704 16711680  918  278  520704 16711680
 913  266  521344 16711680  913  258  521344 16711680  918  278  520704 16711680
 913  266  521344 16711680  918  278  520704 16711680  918  287  520960 16711680
 857  201  520192 16711680  849  184  519936 16711680  848  187  519936 16711680
 857  201  520192 16711680  848  187  519936 16711680  856  205  520192 16711680
 873  221  520320 16711680  857  201  520192 16711680  856  205  520192 16711680
 873  221  520320 16711680  856  205  520192 16711680  871  228  520192 16711680
 891  243  520576 16711680  873  221  520320 16711680  871  228  520192 16711680
 891  243  520576 16711680  871  228  520192 16711680  889  253  519936 16711680
 908  262  520704 16711680  891  243  520576 16711680  889  253  519936 16711680
 908  262  520704 16711680  889  253  519936 16711680  905  276  520192 16711680
 918  278  520704 16711680  908  262  520704 16711680  905  276  520192 16711680
 918  278  520704 16711680  905  276  520192 16711680  916  294  520320 16711680
 918  287  520960 16711680  918  278  520704 16711680  916  294  520320 16711680
 918  287  520960 16711680  916  294  520320 16711680  916  304  520576 16711680
 856  205  520192 16711680  848  187  519936 16711680  846  188  519936 16711680
 856  205  520192 16711680  846  188  519936 16711680  853  207  519936 16711680
 871  228  520192 16711680  856  205  520192 16711680  853  207  519936 16711680
 871  228  520192 16711680  853  207  519936 16711680  866  232  520192 16711680
 889  253  519936 16711680  871  228  520192 16711680  866  232  520192 16711680
 889  253  519936 16711680  866  232  520192 16711680  882  258  519808 16711680
 905  276  520192 16711680  889  253  519936 16711680  882  258  519808 16711680
 905  276  520192 16711680  882  258  519808 16711680  897  284  519552 16711680
 916  294  520320 16711680  905  276  520192 16711680  897  284  519552 16711680
 916  294  520320 16711680  897  284  519552 16711680  906  304  519552 16711680
 916  304  520576 16711680  916  294  520320 16711680  906  304  519552 16711680
 916  304  520576 16711680  906  304  519552 16711680  906  315  519552 16711680
 853  207  519936 16711680  846  188  519936 16711680  843  187  519808 16711680
 853  207  519936 16711680  843  187  519808 16711680  847  206  519552 16711680
 866  232  520192 16711680  853  207  519936 16711680  847  206  519552 16711680
 866  232  520192 16711680  847  206  519552 16711680  857  231  519808 16711680
 882  258  519808 16711680  866  232  520192 16711680  857  231  519808 16711680
 882  258  519808 16711680  857  231  519808 16711680  869  259  519424 16711680
 897  284  519552 16711680  882  258  519808 16711680  869  259  519424 16711680
 897  284  519552 16711680  869  259  519424 16711680  881  285  519424 16711680
 906  304  519552 16711680  897  284  519552 16711680  881  285  519424 16711680
 906  304  519552 16711680  881  285  519424 16711680  889  306  519040 16711680
 906  315  519552 16711680  906  304  519552 16711680  889  306  519040 16711680
 906  315  519552 16711680  889  306  519040 16711680  887  318  519040 16711680
 847  206  519552 16711680  843  187  519808 16711680  839  186  519808 16711680
 847  206  519552 16711680  839  186  519808 16711680  840  204  519552 16711680
 857  231  519808 16711680  847  206  519552 16711680  840  204  519552 16711680
 857  231  519808 16711680  840  204  519552 16711680  845  227  519680 16711680
 869  259  519424 16711680  857  231  519808 16711680  845  227  519680 16711680
 869  259  519424 16711680  845  227  519680 16711680  853  254  519040 16711680
 881  285  519424 16711680  869  259  519424 16711680  853  254  519040 16711680
 881  285  519424 16711680  853  254  519040 16711680  859  279  518656 16711680
 889  306  519040 16711680  881  285  519424 16711680  859  279  518656 16711680
 889  306  519040 16711680  859  279  518656 16711680  863  300  518528 16711680
 887  318  519040 16711680  889  306  519040 16711680  863  300  518528 16711680
 887  318  519040 16711680  863  300  518528 16711680  860  312  518528 16711680
 840  204  519552 16711680  839  186  519808 16711680  835  183  519552 16711680
 840  204  519552 16711680  835  183  519552 16711680  832  199  519808 16711680
 845  227  519680 16711680  840  204  519552 16711680  832  199  519808 16711680
 845  227  519680 16711680  832  199  519808 16711680  832  220  519040 16711680
 853  254  519040 16711680  845  227  519680 16711680  832  220  519040 16711680
 853  254  519040 16711680  832  220  519040 16711680  833  243  518656 16711680
 859  279  518656 16711680  853  254  519040 16711680  833  243  518656 16711680
 859  279  518656 16711680  833  243  518656 16711680  834  266  518528 16711680
 863  300  518528 16711680  859  279  518656 16711680  834  266  518528 16711680
 863  300  518528 16711680  834  266  518528 16711680  833  285  518144 16711680
 860  312  518528 16711680  863  300  518528 16711680  833  285  518144 16711680
 860  312  518528 16711680  833  285  518144 16711680  829  296  518400 16711680
 832  199  519808 16711680  835  183  519552 16711680  830  179  519552 16711680
 832  199  519808 16711680  830  179  519552 16711680  823  193  519424 16711680
 832  220  519040 16711680  832  199  519808 16711680  823  193  519424 16711680
 832  220  519040 16711680  823  193  519424 16711680  818  210  519040 16711680
 833  243  518656 16711680  832  220  519040 16711680  818  210  519040 16711680
 833  243  518656 16711680  818  210  519040 16711680  813  228  518528 16711680
 834  266  518528 16711680  833  243  518656 16711680  813  228  518528 16711680
 834  266  518528 16711680  813  228  518528 16711680  807  246  518400 16711680
 833  285  518144 16711680  834  266  518528 16711680  807  246  518400 16711680
 833  285  518144 16711680  807  246  518400 16711680  801  262  518016 16711680
 829  296  518400 16711680  833  285  518144 16711680  801  262  518016 16711680
 829  296  518400 16711680  801  262  518016 16711680  794  272  518016 16711680
 823  193  519424 16711680  830  179  519552 16711680  825  175  519808 16711680
 823  193  519424 16711680  825  175  519808 16711680  815  185  519424 16711680
 818  210  519040 16711680  823  193  519424 16711680  815  185  519424 16711680
 818  210  519040 16711680  815  185  519424 16711680  804  197  519040 16711680
 813  228  518528 16711680  818  210  519040 16711680  804  197  519040 16711680
 813  228  518528 16711680  804  197  519040 16711680  792  209  518528 16711680
 807  246  518400 16711680  813  228  518528 16711680  792  209  518528 16711680
 807  246  518400 16711680  792  209  518528 16711680  780  221  518144 16711680
 801  262  518016 16711680  807  246  518400 16711680  780  221  518144 16711680
 801  262  518016 16711680  780  221  518144 16711680  769  233  518016 16711680
 794  272  518016 16711680  801  262  518016 16711680  769  233  518016 16711680
 794  272  518016 16711680  769  233  518016 16711680  760  242  517632 16711680
 815  185  519424 16711680  825  175  519808 16711680  821  170  519552 16711680
 815  185  519424 16711680  821  170  519552 16711680  807  177  519424 16711680
 804  197  519040 16711680  815  185  519424 16711680  807  177  519424 16711680
 804  197  519040 16711680  807  177  519424 16711680  791  183  519040 16711680
 792  209  518528 16711680  804  197  519040 16711680  791  183  519040 16711680
 792  209  518528 16711680  791  183  519040 16711680  773  188  518528 16711680
 780  221  518144 16711680  792  209  518528 16711680  773  188  518528 16711680
 780  221  518144 16711680  773  188  518528 16711680  755  194  518400 16711680
 769  233  518016 16711680  780  221  518144 16711680  755  194  518400 16711680
 769  233  518016 16711680  755  194  518400 16711680  740  200  518016 16711680
 760  242  517632 16711680  769  233  518016 16711680  740  200  518016 16711680
 760  242  517632 16711680  740  200  518016 16711680  729  207  518016 16711680
 807  177  519424 16711680  821  170  519552 16711680  817  165  519552 16711680
 807  177  519424 16711680  817  165  519552 16711680  801  168  519424 16711680
 791  183  519040 16711680  807  177  519424 16711680  801  168  519424 16711680
 791  183  519040 16711680  801  168  519424 16711680  780  168  519424 16711680
 773  188  518528 16711680  791  183  519040 16711680  780  168  519424 16711680
 773  188  518528 16711680  780  168  519424 16711680  757  166  518912 16711680
 755  194  518400 16711680  773  188  518528 16711680  757  166  518912 16711680
 755  194  518400 16711680  757  166  518912 16711680  734  165  518528 16711680
 740  200  518016 16711680  755  194  518400 16711680  734  165  518528 16711680
 740  200  518016 16711680  734  165  518528 16711680  715  166  518144 16711680
 729  207  518016 16711680  740  200  518016 16711680  715  166  518144 16711680
 729  207  518016 16711680  715  166  518144 16711680  704  171  518400 16711680
 801  168  519424 16711680  817  165  519552 16711680  814  161  519552 16711680
 801  168  519424 16711680  814  161  519552 16711680  796  160  519552 16711680
 780  168  519424 16711680  801  168  519424 16711680  796  160  519552 16711680
 780  168  519424 16711680  796  160  519552 16711680  772  154  519424 16711680
 757  166  518912 16711680  780  168  519424 16711680  772  154  519424 16711680
 757  166  518912 16711680  772  154  519424 16711680  746  146  519040 16711680
 734  165  518528 16711680  757  166  518912 16711680  746  146  519040 16711680
 734  165  518528 16711680  746  146  519040 16711680  720  139  518656 16711680
 715  166  518144 16711680  734  165  518528 16711680  720  139  518656 16711680
 715  166  518144 16711680  720  139  518656 16711680  700  135  518912 16711680
 704  171  518400 16711680  715  166  518144 16711680  700  135  518912 16711680
 704  171  518400 16711680  700  135  518912 16711680  687  138  518528 16711680
 796  160  519552 16711680  814  161  519552 16711680  813  157  519808 16711680
 796  160  519552 16711680  813  157  519808 16711680  793  153  519808 16711680
 772  154  519424 16711680  796  160  519552 16711680  793  153  519808 16711680
 772  154  519424 16711680  793  153  519808 16711680  768  143  519552 16711680
 746  146  519040 16711680  772  154  519424 16711680  768  143  519552 16711680
 746  146  519040 16711680  768  143  519552 16711680  741  130  519424 16711680
 720  139  518656 16711680  746  146  519040 16711680  741  130  519424 16711680
 720  139  518656 16711680  741  130  519424 16711680  714  118  519424 16711680
 700  135  518912 16711680  720  139  518656 16711680  714  118  519424 16711680
 700  135  518912 16711680  714  118  519424 16711680  693  111  519424 16711680
 687  138  518528 16711680  700  135  518912 16711680  693  111  519424 16711680
 687  138  518528 16711680  693  111  519424 16711680  681  112  519040 16711680
 793  153  519808 16711680  813  157  519808 16711680  812  154  519808 16711680
 793  153  519808 16711680  812  154  519808 16711680  793  148  519936 16711680
 768  143  519552 16711680  793  153  519808 16711680  793  148  519936 16711680
 768  143  519552 16711680  793  148  519936 16711680  768  134  519808 16711680
 741  130  519424 16711680  768  143  519552 16711680  768  134  519808 16711680
 741  130  519424 16711680  768  134  519808 16711680  742  118  519808 16711680
 714  118  519424 16711680  741  130  519424 16711680  742  118  519808 16711680
 714  118  519424 16711680  742  118  519808 16711680  716  103  519808 16711680
 693  111  519424 16711680  714  118  519424 16711680  716  103  519808 16711680
 693  111  519424 16711680  716  103  519808 16711680  696  94  519808 16711680
 681  112  519040 16711680  693  111  519424 16711680  696  94  519808 16711680
 681  112  519040 16711680  696  94  519808 16711680  684  94  519808 16711680
 793  148  519936 16711680  812  154  519808 16711680  813  152  519936 16711680
 793  148  519936 16711680  813  152  519936 16711680  795  144  519936 16711680
 768  134  519808 16711680  793  148  519936 16711680  795  144  519936 16711680
 768  134  519808 16711680  795  144  519936 16711680  772  129  519936 16711680
 742  118  519808 16711680  768  134  519808 16711680  772  129  519936 16711680
 742  118  519808 16711680  772  129  519936 16711680  747  111  519936 16711680
 716  103  519808 16711680  742  118  519808 16711680  747  111  519936 16711680
 716  103  519808 16711680  747  111  519936 16711680  724  95  520192 16711680
 696  94  519808 16711680  716  103  519808 16711680  724  95  520192 16711680
 696  94  519808 16711680  724  95  520192 16711680  706  84  520320 16711680
 684  94  519808 16711680  696  94  519808 16711680  706  84  520320 16711680
 684  94  519808 16711680  706  84  520320 16711680  695  84  520576 16711680
 795  144  519936 16711680  813  152  519936 16711680  815  151  519936 16711680
 795  144  519936 16711680  815  151  519936 16711680  799  143  519936 16711680
 772  129  519936 16711680  795  144  519936 16711680  799  143  519936 16711680
 772  129  519936 16711680  799  143  519936 16711680  778  128  520576 16711680
 747  111  519936 16711680  772  129  519936 16711680  778  128  520576 16711680
 747  111  519936 16711680  778  128  520576 16711680  757  109  520576 16711680
 724  95  520192 16711680  747  111  519936 16711680  757  109  520576 16711680
 724  95  520192 16711680  757  109  520576 16711680  737  93  520576 16711680
 706  84  520320 16711680  724  95  520192 16711680  737  93  520576 16711680
 706  84  520320 16711680  737  93  520576 16711680  722  82  520960 16711680
 695  84  520576 16711680  706  84  520320 16711680  722  82  520960 16711680
 695  84  520576 16711680  722  82  520960 16711680  712  82  520960 16711680
 799  143  519936 16711680  815  151  519936 16711680  819  152  520192 16711680
 799  143  519936 16711680  819  152  520192 16711680  805  144  520320 16711680
 778  128  520576 16711680  799  143  519936 16711680  805  144  520320 16711680
 778  128  520576 16711680  805  144  520320 16711680  788  129  520576 16711680
 757  109  520576 16711680  778  128  520576 16711680  788  129  520576 16711680
 757  109  520576 16711680  788  129  520576 16711680  771  112  520960 16711680
 737  93  520576 16711680  757  109  520576 16711680  771  112  520960 16711680
 737  93  520576 16711680  771  112  520960 16711680  756  97  520960 16711680
 722  82  520960 16711680  737  93  520576 16711680  756  97  520960 16711680
 722  82  520960 16711680  756  97  520960 16711680  743  87  521088 16711680
 712  82  520960 16711680  722  82  520960 16711680  743  87  521088 16711680
 712  82  520960 16711680  743  87  521088 16711680  735  88  521344 16711680
 805  144  520320 16711680  819  152  520192 16711680  823  153  520192 16711680
 805  144  520320 16711680  823  153  520192 16711680  812  147  520320 16711680
 788  129  520576 16711680  805  144  520320 16711680  812  147  520320 16711680
 788  129  520576 16711680  812  147  520320 16711680  800  134  520960 16711680
 771  112  520960 16711680  788  129  520576 16711680  800  134  520960 16711680
 771  112  520960 16711680  800  134  520960 16711680  788  119  521344 16711680
 756  97  520960 16711680  771  112  520960 16711680  788  119  521344 16711680
 756  97  520960 16711680  788  119  521344 16711680  777  106  521344 16711680
 743  87  521088 16711680  756  97  520960 16711680  777  106  521344 16711680
 743  87  521088 16711680  777  106  521344 16711680  768  99  521600 16711680
 735  88  521344 16711680  743  87  521088 16711680  768  99  521600 16711680
 735  88  521344 16711680  768  99  521600 16711680  761  99  521728 16711680
 812  147  520320 16711680  823  153  520192 16711680  827  156  520320 16711680
 812  147  520320 16711680  827  156  520320 16711680  819  152  520576 16711680
 800  134  520960 16711680  812  147  520320 16711680  819  152  520576 16711680
 800  134  520960 16711680  819  152  520576 16711680  812  142  520960 16711680
 788  119  521344 16711680  800  134  520960 16711680  812  142  520960 16711680
 788  119  521344 16711680  812  142  520960 16711680  805  130  521088 16711680
 777  106  521344 16711680  788  119  521344 16711680  805  130  521088 16711680
 777  106  521344 16711680  805  130  521088 16711680  799  120  521600 16711680
 768  99  521600 16711680  777  106  521344 16711680  799  120  521600 16711680
 768  99  521600 16711680  799  120  521600 16711680  793  115  521728 16711680
 761  99  521728 16711680  768  99  521600 16711680  793  115  521728 16711680
 761  99  521728 16711680  793  115  521728 16711680  788  116  522240 16711680
 819  152  520576 16711680  827  156  520320 16711680  832  160  520320 16711680
 819  152  520576 16711680  832  160  520320 16711680  827  158  520576 16711680
 812  142  520960 16711680  819  152  520576 16711680  827  158  520576 16711680
 812  142  520960 16711680  827  158  520576 16711680  824  152  520960 16711680
 805  130  521088 16711680  812  142  520960 16711680  824  152  520960 16711680
 805  130  521088 16711680  824  152  520960 16711680  823  144  521600 16711680
 799  120  521600 16711680  805  130  521088 16711680  823  144  521600 16711680
 799  120  521600 16711680  823  144  521600 16711680  821  137  521728 16711680
 793  115  521728 16711680  799  120  521600 16711680  821  137  521728 16711680
 793  115  521728 16711680  821  137  521728 16711680  818  134  521984 16711680
 788  116  522240 16711680  793  115  521728 16711680  818  134  521984 16711680
 788  116  522240 16711680  818  134  521984 16711680  814  136  522240 16711680
 827  158  520576 16711680  832  160  520320 16711680  836  164  520320 16711680
 827  158  520576 16711680  836  164  520320 16711680  835  165  520576 16711680
 824  152  520960 16711680  827  158  520576 16711680  835  165  520576 16711680
 824  152  520960 16711680  835  165  520576 16711680  836  163  520960 16711680
 823  144  521600 16711680  824  152  520960 16711680  836  163  520960 16711680
 823  144  521600 16711680  836  163  520960 16711680  840  160  521344 16711680
 821  137  521728 16711680  823  144  521600 16711680  840  160  521344 16711680
 821  137  521728 16711680  840  160  521344 16711680  842  157  521984 16711680
 818  134  521984 16711680  821  137  521728 16711680  842  157  521984 16711680
 818  134  521984 16711680  842  157  521984 16711680  843  156  522240 16711680
 814  136  522240 16711680  818  134  521984 16711680  843  156  522240 16711680
 814  136  522240 16711680  843  156  522240 16711680  839  159  522240 16711680
 835  165  520576 16711680  836  164  520320 16711680  840  168  520320 16711680
 835  165  520576 16711680  840  168  520320 16711680  842  173  520576 16711680
 836  163  520960 16711680  835  165  520576 16711680  842  173  520576 16711680
 836  163  520960 16711680  842  173  520576 16711680  848  175  520960 16711680
 840  160  521344 16711680  836  163  520960 16711680  848  175  520960 16711680
 840  160  521344 16711680  848  175  520960 16711680  855  177  521344 16711680
 842  157  521984 16711680  840  160  521344 16711680  855  177  521344 16711680
 842  157  521984 16711680  855  177  521344 16711680  862  178  521728 16711680
 843  156  522240 16711680  842  157  521984 16711680  862  178  521728 16711680
 843  156  522240 16711680  862  178  521728 16711680  865  181  521984 16711680
 839  159  522240 16711680  843  156  522240 16711680  865  181  521984 16711680
 839  159  522240 16711680  865  181  521984 16711680  863  185  522240 16711680
 842  173  520576 16711680  840  168  520320 16711680  844  173  520320 16711680
 842  173  520576 16711680  844  173  520320 16711680  848  181  520576 16711680
 848  175  520960 16711680  842  173  520576 16711680  848  181  520576 16711680
 848  175  520960 16711680  848  181  520576 16711680  858  188  520960 16711680
 855  177  521344 16711680  848  175  520960 16711680  858  188  520960 16711680
 855  177  521344 16711680  858  188  520960 16711680  870  195  521344 16711680
 862  178  521728 16711680  855  177  521344 16711680  870  195  521344 16711680
 862  178  521728 16711680  870  195  521344 16711680  880  202  521600 16711680
 865  181  521984 16711680  862  178  521728 16711680  880  202  521600 16711680
 865  181  521984 16711680  880  202  521600 16711680  886  208  521728 16711680
 863  185  522240 16711680  865  181  521984 16711680  886  208  521728 16711680
 863  185  522240 16711680  886  208  521728 16711680  884  213  521984 16711680
 613  195  517504 16711680  645  200  518400 16711680  654  211  518016 16711680
 613  195  517504 16711680  654  211  518016 16711680  621  206  517504 16711680
 583  190  516992 16711680  613  195  517504 16711680  621  206  517504 16711680
 583  190  516992 16711680  621  206  517504 16711680  591  202  516864 16711680
 557  187  516864 16711680  583  190  516992 16711680  591  202  516864 16711680
 557  187  516864 16711680  591  202  516864 16711680  564  199  516352 16711680
 536  188  516352 16711680  557  187  516864 16711680  564  199  516352 16711680
 536  188  516352 16711680  564  199  516352 16711680  541  200  516224 16711680
 519  193  516352 16711680  536  188  516352 16711680  541  200  516224 16711680
 519  193  516352 16711680  541  200  516224 16711680  524  206  516224 16711680
 508  202  516352 16711680  519  193  516352 16711680  524  206  516224 16711680
 508  202  516352 16711680  524  206  516224 16711680  511  216  516224 16711680
 621  206  517504 16711680  654  211  518016 16711680  664  216  518016 16711680
 621  206  517504 16711680  664  216  518016 16711680  628  210  517376 16711680
 591  202  516864 16711680  621  206  517504 16711680  628  210  517376 16711680
 591  202  516864 16711680  628  210  517376 16711680  595  205  516480 16711680
 564  199  516352 16711680  591  202  516864 16711680  595  205  516480 16711680
 564  199  516352 16711680  595  205  516480 16711680  566  203  516224 16711680
 541  200  516224 16711680  564  199  516352 16711680  566  203  516224 16711680
 541  200  516224 16711680  566  203  516224 16711680  542  205  515712 16711680
 524  206  516224 16711680  541  200  516224 16711680  542  205  515712 16711680
 524  206  516224 16711680  542  205  515712 16711680  522  212  515712 16711680
 511  216  516224 16711680  524  206  516224 16711680  522  212  515712 16711680
 511  216  516224 16711680  522  212  515712 16711680  508  224  516096 16711680
 628  210  517376 16711680  664  216  518016 16711680  672  214  518016 16711680
 628  210  517376 16711680  672  214  518016 16711680  633  207  517376 16711680
 595  205  516480 16711680  628  210  517376 16711680  633  207  517376 16711680
 595  205  516480 16711680  633  207  517376 16711680  597  202  516352 16711680
 566  203  516224 16711680  595  205  516480 16711680  597  202  516352 16711680
 566  203  516224 16711680  597  202  516352 16711680  565  200  515840 16711680
 542  205  515712 16711680  566  203  516224 16711680  565  200  515840 16711680
 542  205  515712 16711680  565  200  515840 16711680  538  203  515584 16711680
 522  212  515712 16711680  542  205  515712 16711680  538  203  515584 16711680
 522  212  515712 16711680  538  203  515584 16711680  517  211  515200 16711680
 508  224  516096 16711680  522  212  515712 16711680  517  211  515200 16711680
 508  224  516096 16711680  517  211  515200 16711680  501  225  515712 16711680
 633  207  517376 16711680  672  214  518016 16711680  678  206  518016 16711680
 633  207  517376 16711680  678  206  518016 16711680  635  199  516992 16711680
 597  202  516352 16711680  633  207  517376 16711680  635  199  516992 16711680
 597  202  516352 16711680  635  199  516992 16711680  596  193  516352 16711680
 565  200  515840 16711680  597  202  516352 16711680  596  193  516352 16711680
 565  200  515840 16711680  596  193  516352 16711680  562  191  515712 16711680
 538  203  515584 16711680  565  200  515840 16711680  562  191  515712 16711680
 538  203  515584 16711680  562  191  515712 16711680  532  194  515200 16711680
 517  211  515200 16711680  538  203  515584 16711680  532  194  515200 16711680
 517  211  515200 16711680  532  194  515200 16711680  508  204  515072 16711680
 501  225  515712 16711680  517  211  515200 16711680  508  204  515072 16711680
 501  225  515712 16711680  508  204  515072 16711680  490  221  515584 16711680
 635  199  516992 16711680  678  206  518016 16711680  678  195  518016 16711680
 635  199  516992 16711680  678  195  518016 16711680  634  186  517376 16711680
 596  193  516352 16711680  635  199  516992 16711680  634  186  517376 16711680
 596  193  516352 16711680  634  186  517376 16711680  593  180  516352 16711680
 562  191  515712 16711680  596  193  516352 16711680  593  180  516352 16711680
 562  191  515712 16711680  593  180  516352 16711680  555  177  515712 16711680
 532  194  515200 16711680  562  191  515712 16711680  555  177  515712 16711680
 532  194  515200 16711680  555  177  515712 16711680  524  181  515072 16711680
 508  204  515072 16711680  532  194  515200 16711680  524  181  515072 16711680
 508  204  515072 16711680  524  181  515072 16711680  498  192  515072 16711680
 490  221  515584 16711680  508  204  515072 16711680  498  192  515072 16711680
 490  221  515584 16711680  498  192  515072 16711680  478  211  515584 16711680
 634  186  517376 16711680  678  195  518016 16711680  673  181  518016 16711680
 634  186  517376 16711680  673  181  518016 16711680  627  171  517376 16711680
 593  180  516352 16711680  634  186  517376 16711680  627  171  517376 16711680
 593  180  516352 16711680  627  171  517376 16711680  585  164  516352 16711680
 555  177  515712 16711680  593  180  516352 16711680  585  164  516352 16711680
 555  177  515712 16711680  585  164  516352 16711680  547  161  515712 16711680
 524  181  515072 16711680  555  177  515712 16711680  547  161  515712 16711680
 524  181  515072 16711680  547  161  515712 16711680  515  165  515200 16711680
 498  192  515072 16711680  524  181  515072 16711680  515  165  515200 16711680
 498  192  515072 16711680  515  165  515200 16711680  489  176  515200 16711680
 478  211  515584 16711680  498  192  515072 16711680  489  176  515200 16711680
 478  211  515584 16711680  489  176  515200 16711680  469  196  515712 16711680
 627  171  517376 16711680  673  181  518016 16711680  664  170  518144 16711680
 627  171  517376 16711680  664  170  518144 16711680  619  160  517504 16711680
 585  164  516352 16711680  627  171  517376 16711680  619  160  517504 16711680
 585  164  516352 16711680  619  160  517504 16711680  578  153  516480 16711680
 547  161  515712 16711680  585  164  516352 16711680  578  153  516480 16711680
 547  161  515712 16711680  578  153  516480 16711680  541  149  515840 16711680
 515  165  515200 16711680  547  161  515712 16711680  541  149  515840 16711680
 515  165  515200 16711680  541  149  515840 16711680  510  152  515712 16711680
 489  176  515200 16711680  515  165  515200 16711680  510  152  515712 16711680
 489  176  515200 16711680  510  152  515712 16711680  484  163  515328 16711680
 469  196  515712 16711680  489  176  515200 16711680  484  163  515328 16711680
 469  196  515712 16711680  484  163  515328 16711680  466  182  515712 16711680
 619  160  517504 16711680  664  170  518144 16711680  654  166  518144 16711680
 619  160  517504 16711680  654  166  518144 16711680  612  157  517504 16711680
 578  153  516480 16711680  619  160  517504 16711680  612  157  517504 16711680
 578  153  516480 16711680  612  157  517504 16711680  573  149  516864 16711680
 541  149  515840 16711680  578  153  516480 16711680  573  149  516864 16711680
 541  149  515840 16711680  573  149  516864 16711680  539  146  516352 16711680
 510  152  515712 16711680  541  149  515840 16711680  539  146  516352 16711680
 510  152  515712 16711680  539  146  516352 16711680  510  148  515840 16711680
 484  163  515328 16711680  510  152  515712 16711680  510  148  515840 16711680
 484  163  515328 16711680  510  148  515840 16711680  486  158  515712 16711680
 466  182  515712 16711680  484  163  515328 16711680  486  158  515712 16711680
 466  182  515712 16711680  486  158  515712 16711680  469  175  516224 16711680
 612  157  517504 16711680  654  166  518144 16711680  646  168  518528 16711680
 612  157  517504 16711680  646  168  518528 16711680  607  160  517888 16711680
 573  149  516864 16711680  612  157  517504 16711680  607  160  517888 16711680
 573  149  516864 16711680  607  160  517888 16711680  572  153  516992 16711680
 539  146  516352 16711680  573  149  516864 16711680  572  153  516992 16711680
 539  146  516352 16711680  572  153  516992 16711680  540  150  516352 16711680
 510  148  515840 16711680  539  146  516352 16711680  540  150  516352 16711680
 510  148  515840 16711680  540  150  516352 16711680  513  151  516224 16711680
 486  158  515712 16711680  510  148  515840 16711680  513  151  516224 16711680
 486  158  515712 16711680  513  151  516224 16711680  493  159  515840 16711680
 469  175  516224 16711680  486  158  515712 16711680  493  159  515840 16711680
 469  175  516224 16711680  493  159  515840 16711680  477  173  516352 16711680
 607  160  517888 16711680  646  168  518528 16711680  641  175  518528 16711680
 607  160  517888 16711680  641  175  518528 16711680  605  168  517888 16711680
 572  153  516992 16711680  607  160  517888 16711680  605  168  517888 16711680
 572  153  516992 16711680  605  168  517888 16711680  573  162  516992 16711680
 540  150  516352 16711680  572  153  516992 16711680  573  162  516992 16711680
 540  150  516352 16711680  573  162  516992 16711680  544  159  516480 16711680
 513  151  516224 16711680  540  150  516352 16711680  544  159  516480 16711680
 513  151  516224 16711680  544  159  516480 16711680  520  160  516352 16711680
 493  159  515840 16711680  513  151  516224 16711680  520  160  516352 16711680
 493  159  515840 16711680  520  160  516352 16711680  501  166  516352 16711680
 477  173  516352 16711680  493  159  515840 16711680  501  166  516352 16711680
 477  173  516352 16711680  501  166  516352 16711680  488  178  516352 16711680
 605  168  517888 16711680  641  175  518528 16711680  640  186  518528 16711680
 605  168  517888 16711680  640  186  518528 16711680  607  180  517632 16711680
 573  162  516992 16711680  605  168  517888 16711680  607  180  517632 16711680
 573  162  516992 16711680  607  180  517632 16711680  576  175  517376 16711680
 544  159  516480 16711680  573  162  516992 16711680  576  175  517376 16711680
 544  159  516480 16711680  576  175  517376 16711680  550  172  516864 16711680
 520  160  516352 16711680  544  159  516480 16711680  550  172  516864 16711680
 520  160  516352 16711680  550  172  516864 16711680  527  172  516352 16711680
 501  166  516352 16711680  520  160  516352 16711680  527  172  516352 16711680
 501  166  516352 16711680  527  172  516352 16711680  510  177  516352 16711680
 488  178  516352 16711680  501  166  516352 16711680  510  177  516352 16711680
 488  178  516352 16711680  510  177  516352 16711680  498  187  516736 16711680
 607  180  517632 16711680  640  186  518528 16711680  645  200  518400 16711680
 607  180  517632 16711680  645  200  518400 16711680  613  195  517504 16711680
 576  175  517376 16711680  607  180  517632 16711680  613  195  517504 16711680
 576  175  517376 16711680  613  195  517504 16711680  583  190  516992 16711680
 550  172  516864 16711680  576  175  517376 16711680  583  190  516992 16711680
 550  172  516864 16711680  583  190  516992 16711680  557  187  516864 16711680
 527  172  516352 16711680  550  172  516864 16711680  557  187  516864 16711680
 527  172  516352 16711680  557  187  516864 16711680  536  188  516352 16711680
 510  177  516352 16711680  527  172  516352 16711680  536  188  516352 16711680
 510  177  516352 16711680  536  188  516352 16711680  519  193  516352 16711680
 498  187  516736 16711680  510  177  516352 16711680  519  193  516352 16711680
 498  187  516736 16711680  519  193  516352 16711680  508  202  516352 16711680
 500  216  516480 16711680  508  202  516352 16711680  511  216  516224 16711680
 500  216  516480 16711680  511  216  516224 16711680  504  230  516352 16711680
 496  232  516992 16711680  500  216  516480 16711680  504  230  516352 16711680
 496  232  516992 16711680  504  230  516352 16711680  499  246  516864 16711680
 495  249  517504 16711680  496  232  516992 16711680  499  246  516864 16711680
 495  249  517504 16711680  499  246  516864 16711680  499  264  517376 16711680
 499  266  518016 16711680  495  249  517504 16711680  499  264  517376 16711680
 499  266  518016 16711680  499  264  517376 16711680  503  280  518016 16711680
 509  281  518528 16711680  499  266  518016 16711680  503  280  518016 16711680
 509  281  518528 16711680  503  280  518016 16711680  513  295  518528 16711680
 524  293  519040 16711680  509  281  518528 16711680  513  295  518528 16711680
 524  293  519040 16711680  513  295  518528 16711680  529  308  519040 16711680
 504  230  516352 16711680  511  216  516224 16711680  508  224  516096 16711680
 504  230  516352 16711680  508  224  516096 16711680  500  240  516352 16711680
 499  246  516864 16711680  504  230  516352 16711680  500  240  516352 16711680
 499  246  516864 16711680  500  240  516352 16711680  495  257  516864 16711680
 499  264  517376 16711680  499  246  516864 16711680  495  257  516864 16711680
 499  264  517376 16711680  495  257  516864 16711680  496  275  517376 16711680
 503  280  518016 16711680  499  264  517376 16711680  496  275  517376 16711680
 503  280  518016 16711680  496  275  517376 16711680  501  292  518016 16711680
 513  295  518528 16711680  503  280  518016 16711680  501  292  518016 16711680
 513  295  518528 16711680  501  292  518016 16711680  513  307  518528 16711680
 529  308  519040 16711680  513  295  518528 16711680  513  307  518528 16711680
 529  308  519040 16711680  513  307  518528 16711680  531  320  519296 16711680
 500  240  516352 16711680  508  224  516096 16711680  501  225  515712 16711680
 500  240  516352 16711680  501  225  515712 16711680  491  244  515840 16711680
 495  257  516864 16711680  500  240  516352 16711680  491  244  515840 16711680
 495  257  516864 16711680  491  244  515840 16711680  486  263  516480 16711680
 496  275  517376 16711680  495  257  516864 16711680  486  263  516480 16711680
 496  275  517376 16711680  486  263  516480 16711680  488  282  516992 16711680
 501  292  518016 16711680  496  275  517376 16711680  488  282  516992 16711680
 501  292  518016 16711680  488  282  516992 16711680  496  299  517632 16711680
 513  307  518528 16711680  501  292  518016 16711680  496  299  517632 16711680
 513  307  518528 16711680  496  299  517632 16711680  510  315  518528 16711680
 531  320  519296 16711680  513  307  518528 16711680  510  315  518528 16711680
 531  320  519296 16711680  510  315  518528 16711680  530  328  519040 16711680
 491  244  515840 16711680  501  225  515712 16711680  490  221  515584 16711680
 491  244  515840 16711680  490  221  515584 16711680  479  242  516224 16711680
 486  263  516480 16711680  491  244  515840 16711680  479  242  516224 16711680
 486  263  516480 16711680  479  242  516224 16711680  475  263  516736 16711680
 488  282  516992 16711680  486  263  516480 16711680  475  263  516736 16711680
 488  282  516992 16711680  475  263  516736 16711680  478  282  517376 16711680
 496  299  517632 16711680  488  282  516992 16711680  478  282  517376 16711680
 496  299  517632 16711680  478  282  517376 16711680  488  301  518016 16711680
 510  315  518528 16711680  496  299  517632 16711680  488  301  518016 16711680
 510  315  518528 16711680  488  301  518016 16711680  504  317  518528 16711680
 530  328  519040 16711680  510  315  518528 16711680  504  317  518528 16711680
 530  328  519040 16711680  504  317  518528 16711680  527  331  519424 16711680
 479  242  516224 16711680  490  221  515584 16711680  478  211  515584 16711680
 479  242  516224 16711680  478  211  515584 16711680  467  234  515840 16711680
 475  263  516736 16711680  479  242  516224 16711680  467  234  515840 16711680
 475  263  516736 16711680  467  234  515840 16711680  463  256  516480 16711680
 478  282  517376 16711680  475  263  516736 16711680  463  256  516480 16711680
 478  282  517376 16711680  463  256  516480 16711680  467  277  517376 16711680
 488  301  518016 16711680  478  282  517376 16711680  467  277  517376 16711680
 488  301  518016 16711680  467  277  517376 16711680  479  296  518016 16711680
 504  317  518528 16711680  488  301  518016 16711680  479  296  518016 16711680
 504  317  518528 16711680  479  296  518016 16711680  498  313  518912 16711680
 527  331  519424 16711680  504  317  518528 16711680  498  313  518912 16711680
 527  331  519424 16711680  498  313  518912 16711680  522  328  519424 16711680
 467  234  515840 16711680  478  211  515584 16711680  469  196  515712 16711680
 467  234  515840 16711680  469  196  515712 16711680  457  220  516224 16711680
 463  256  516480 16711680  467  234  515840 16711680  457  220  516224 16711680
 463  256  516480 16711680  457  220  516224 16711680  454  243  516864 16711680
 467  277  517376 16711680  463  256  516480 16711680  454  243  516864 16711680
 467  277  517376 16711680  454  243  516864 16711680  459  264  517120 16711680
 479  296  518016 16711680  467  277  517376 16711680  459  264  517120 16711680
 479  296  518016 16711680  459  264  517120 16711680  472  284  518016 16711680
 498  313  518912 16711680  479  296  518016 16711680  472  284  518016 16711680
 498  313  518912 16711680  472  284  518016 16711680  491  301  518912 16711680
 522  328  519424 16711680  498  313  518912 16711680  491  301  518912 16711680
 522  328  519424 16711680  491  301  518912 16711680  516  317  519808 16711680
 457  220  516224 16711680  469  196  515712 16711680  466  182  515712 16711680
 457  220  516224 16711680  466  182  515712 16711680  454  205  516352 16711680
 454  243  516864 16711680  457  220  516224 16711680  454  205  516352 16711680
 454  243  516864 16711680  454  205  516352 16711680  451  228  516864 16711680
 459  264  517120 16711680  454  243  516864 16711680  451  228  516864 16711680
 459  264  517120 16711680  451  228  516864 16711680  456  249  517504 16711680
 472  284  518016 16711680  459  264  517120 16711680  456  249  517504 16711680
 472  284  518016 16711680  456  249  517504 16711680  468  269  518400 16711680
 491  301  518912 16711680  472  284  518016 16711680  468  269  518400 16711680
 491  301  518912 16711680  468  269  518400 16711680  487  287  519040 16711680
 516  317  519808 16711680  491  301  518912 16711680  487  287  519040 16711680
 516  317  519808 16711680  487  287  519040 16711680  511  303  519808 16711680
 454  205  516352 16711680  466  182  515712 16711680  469  175  516224 16711680
 454  205  516352 16711680  469  175  516224 16711680  459  196  516352 16711680
 451  228  516864 16711680  454  205  516352 16711680  459  196  516352 16711680
 451  228  516864 16711680  459  196  516352 16711680  455  218  516992 16711680
 456  249  517504 16711680  451  228  516864 16711680  455  218  516992 16711680
 456  249  517504 16711680  455  218  516992 16711680  459  238  517504 16711680
 468  269  518400 16711680  456  249  517504 16711680  459  238  517504 16711680
 468  269  518400 16711680  459  238  517504 16711680  470  258  518144 16711680
 487  287  519040 16711680  468  269  518400 16711680  470  258  518144 16711680
 487  287  519040 16711680  470  258  518144 16711680  486  276  519040 16711680
 511  303  519808 16711680  487  287  519040 16711680  486  276  519040 16711680
 511  303  519808 16711680  486  276  519040 16711680  509  291  519808 16711680
 459  196  516352 16711680  469  175  516224 16711680  477  173  516352 16711680
 459  196  516352 16711680  477  173  516352 16711680  468  192  516480 16711680
 455  218  516992 16711680  459  196  516352 16711680  468  192  516480 16711680
 455  218  516992 16711680  468  192  516480 16711680  464  212  516992 16711680
 459  238  517504 16711680  455  218  516992 16711680  464  212  516992 16711680
 459  238  517504 16711680  464  212  516992 16711680  466  232  517632 16711680
 470  258  518144 16711680  459  238  517504 16711680  466  232  517632 16711680
 470  258  518144 16711680  466  232  517632 16711680  475  251  518144 16711680
 486  276  519040 16711680  470  258  518144 16711680  475  251  518144 16711680
 486  276  519040 16711680  475  251  518144 16711680  490  268  519040 16711680
 509  291  519808 16711680  486  276  519040 16711680  490  268  519040 16711680
 509  291  519808 16711680  490  268  519040 16711680  510  283  519552 16711680
 468  192  516480 16711680  477  173  516352 16711680  488  178  516352 16711680
 468  192  516480 16711680  488  178  516352 16711680  479  194  516480 16711680
 464  212  516992 16711680  468  192  516480 16711680  479  194  516480 16711680
 464  212  516992 16711680  479  194  516480 16711680  475  212  516992 16711680
 466  232  517632 16711680  464  212  516992 16711680  475  212  516992 16711680
 466  232  517632 16711680  475  212  516992 16711680  476  231  517888 16711680
 475  251  518144 16711680  466  232  517632 16711680  476  231  517888 16711680
 475  251  518144 16711680  476  231  517888 16711680  483  249  518144 16711680
 490  268  519040 16711680  475  251  518144 16711680  483  249  518144 16711680
 490  268  519040 16711680  483  249  518144 16711680  495  265  518912 16711680
 510  283  519552 16711680  490  268  519040 16711680  495  265  518912 16711680
 510  283  519552 16711680  495  265  518912 16711680  513  279  519424 16711680
 479  194  516480 16711680  488  178  516352 16711680  498  187  516736 16711680
 479  194  516480 16711680  498  187  516736 16711680  491  202  516480 16711680
 475  212  516992 16711680  479  194  516480 16711680  491  202  516480 16711680
 475  212  516992 16711680  491  202  516480 16711680  487  219  517376 16711680
 476  231  517888 16711680  475  212  516992 16711680  487  219  517376 16711680
 476  231  517888 16711680  487  219  517376 16711680  486  236  517504 16711680
 483  249  518144 16711680  476  231  517888 16711680  486  236  517504 16711680
 483  249  518144 16711680  486  236  517504 16711680  491  254  518016 16711680
 495  265  518912 16711680  483  249  518144 16711680  491  254  518016 16711680
 495  265  518912 16711680  491  254  518016 16711680  502  269  518656 16711680
 513  279  519424 16711680  495  265  518912 16711680  502  269  518656 16711680
 513  279  519424 16711680  502  269  518656 16711680  518  282  519040 16711680
 491  202  516480 16711680  498  187  516736 16711680  508  202  516352 16711680
 491  202  516480 16711680  508  202  516352 16711680  500  216  516480 16711680
 487  219  517376 16711680  491  202  516480 16711680  500  216  516480 16711680
 487  219  517376 16711680  500  216  516480 16711680  496  232  516992 16711680
 486  236  517504 16711680  487  219  517376 16711680  496  232  516992 16711680
 486  236  517504 16711680  496  232  516992 16711680  495  249  517504 16711680
 491  254  518016 16711680  486  236  517504 16711680  495  249  517504 16711680
 491  254  518016 16711680  495  249  517504 16711680  499  266  518016 16711680
 502  269  518656 16711680  491  254  518016 16711680  499  266  518016 16711680
 502  269  518656 16711680  499  266  518016 16711680  509  281  518528 16711680
 518  282  519040 16711680  502  269  518656 16711680  509  281  518528 16711680
 518  282  519040 16711680  509  281  518528 16711680  524  293  519040 16711680
 857  280  523392 16711680  835  281  523264 16711680  844  305  523136 16711680
 857  280  523392 16711680  844  305  523136 16711680  866  303  523392 16711680
 876  273  523520 16711680  857  280  523392 16711680  866  303  523392 16711680
 876  273  523520 16711680  866  303  523392 16711680  885  293  523520 16711680
 895  263  523520 16711680  876  273  523520 16711680  885  293  523520 16711680
 895  263  523520 16711680  885  293  523520 16711680  903  279  523520 16711680
 913  251  523520 16711680  895  263  523520 16711680  903  279  523520 16711680
 913  251  523520 16711680  903  279  523520 16711680  921  263  523520 16711680
 932  238  523392 16711680  913  251  523520 16711680  921  263  523520 16711680
 932  238  523392 16711680  921  263  523520 16711680  939  248  523392 16711680
 952  229  523392 16711680  932  238  523392 16711680  939  248  523392 16711680
 952  229  523392 16711680  939  248  523392 16711680  959  237  523392 16711680
 866  303  523392 16711680  844  305  523136 16711680  841  327  523136 16711680
 866  303  523392 16711680  841  327  523136 16711680  867  322  523392 16711680
 885  293  523520 16711680  866  303  523392 16711680  867  322  523392 16711680
 885  293  523520 16711680  867  322  523392 16711680  888  309  523520 16711680
 903  279  523520 16711680  885  293  523520 16711680  888  309  523520 16711680
 903  279  523520 16711680  888  309  523520 16711680  907  291  523520 16711680
 921  263  523520 16711680  903  279  523520 16711680  907  291  523520 16711680
 921  263  523520 16711680  907  291  523520 16711680  925  272  523392 16711680
 939  248  523392 16711680  921  263  523520 16711680  925  272  523392 16711680
 939  248  523392 16711680  925  272  523392 16711680  945  254  523392 16711680
 959  237  523392 16711680  939  248  523392 16711680  945  254  523392 16711680
 959  237  523392 16711680  945  254  523392 16711680  967  242  523392 16711680
 867  322  523392 16711680  841  327  523136 16711680  831  343  523264 16711680
 867  322  523392 16711680  831  343  523264 16711680  860  335  523520 16711680
 888  309  523520 16711680  867  322  523392 16711680  860  335  523520 16711680
 888  309  523520 16711680  860  335  523520 16711680  884  320  523776 16711680
 907  291  523520 16711680  888  309  523520 16711680  884  320  523776 16711680
 907  291  523520 16711680  884  320  523776 16711680  906  299  523520 16711680
 925  272  523392 16711680  907  291  523520 16711680  906  299  523520 16711680
 925  272  523392 16711680  906  299  523520 16711680  927  277  523520 16711680
 945  254  523392 16711680  925  272  523392 16711680  927  277  523520 16711680
 945  254  523392 16711680  927  277  523520 16711680  950  258  523392 16711680
 967  242  523392 16711680  945  254  523392 16711680  950  258  523392 16711680
 967  242  523392 16711680  950  258  523392 16711680  974  245  523520 16711680
 860  335  523520 16711680  831  343  523264 16711680  815  350  523392 16711680
 860  335  523520 16711680  815  350  523392 16711680  849  340  523520 16711680
 884  320  523776 16711680  860  335  523520 16711680  849  340  523520 16711680
 884  320  523776 16711680  849  340  523520 16711680  877  323  523776 16711680
 906  299  523520 16711680  884  320  523776 16711680  877  323  523776 16711680
 906  299  523520 16711680  877  323  523776 16711680  901  302  523776 16711680
 927  277  523520 16711680  906  299  523520 16711680  901  302  523776 16711680
 927  277  523520 16711680  901  302  523776 16711680  926  278  523520 16711680
 950  258  523392 16711680  927  277  523520 16711680  926  278  523520 16711680
 950  258  523392 16711680  926  278  523520 16711680  951  258  523520 16711680
 974  245  523520 16711680  950  258  523392 16711680  951  258  523520 16711680
 974  245  523520 16711680  951  258  523520 16711680  979  245  523776 16711680
 849  340  523520 16711680  815  350  523392 16711680  797  345  523520 16711680
 849  340  523520 16711680  797  345  523520 16711680  835  336  524032 16711680
 877  323  523776 16711680  849  340  523520 16711680  835  336  524032 16711680
 877  323  523776 16711680  835  336  524032 16711680  866  319  524032 16711680
 901  302  523776 16711680  877  323  523776 16711680  866  319  524032 16711680
 901  302  523776 16711680  866  319  524032 16711680  894  297  523776 16711680
 926  278  523520 16711680  901  302  523776 16711680  894  297  523776 16711680
 926  278  523520 16711680  894  297  523776 16711680  921  274  523776 16711680
 951  258  523520 16711680  926  278  523520 16711680  921  274  523776 16711680
 951  258  523520 16711680  921  274  523776 16711680  950  254  523776 16711680
 979  245  523776 16711680  951  258  523520 16711680  950  254  523776 16711680
 979  245  523776 16711680  950  254  523776 16711680  980  241  523776 16711680
 835  336  524032 16711680  797  345  523520 16711680  782  328  523776 16711680
 835  336  524032 16711680  782  328  523776 16711680  821  320  524032 16711680
 866  319  524032 16711680  835  336  524032 16711680  821  320  524032 16711680
 866  319  524032 16711680  821  320  524032 16711680  854  305  524288 16711680
 894  297  523776 16711680  866  319  524032 16711680  854  305  524288 16711680
 894  297  523776 16711680  854  305  524288 16711680  884  286  524032 16711680
 921  274  523776 16711680  894  297  523776 16711680  884  286  524032 16711680
 921  274  523776 16711680  884  286  524032 16711680  914  265  523776 16711680
 950  254  523776 16711680  921  274  523776 16711680  914  265  523776 16711680
 950  254  523776 16711680  914  265  523776 16711680  945  247  523776 16711680
 980  241  523776 16711680  950  254  523776 16711680  945  247  523776 16711680
 980  241  523776 16711680  945  247  523776 16711680  976  235  523776 16711680
 821  320  524032 16711680  782  328  523776 16711680  773  305  523776 16711680
 821  320  524032 16711680  773  305  523776 16711680  812  299  524288 16711680
 854  305  524288 16711680  821  320  524032 16711680  812  299  524288 16711680
 854  305  524288 16711680  812  299  524288 16711680  845  287  524288 16711680
 884  286  524032 16711680  854  305  524288 16711680  845  287  524288 16711680
 884  286  524032 16711680  845  287  524288 16711680  876  271  524032 16711680
 914  265  523776 16711680  884  286  524032 16711680  876  271  524032 16711680
 914  265  523776 16711680  876  271  524032 16711680  907  254  523776 16711680
 945  247  523776 16711680  914  265  523776 16711680  907  254  523776 16711680
 945  247  523776 16711680  907  254  523776 16711680  938  238  523776 16711680
 976  235  523776 16711680  945  247  523776 16711680  938  238  523776 16711680
 976  235  523776 16711680  938  238  523776 16711680  969  227  523776 16711680
 812  299  524288 16711680  773  305  523776 16711680  775  285  523776 16711680
 812  299  524288 16711680  775  285  523776 16711680  811  280  524032 16711680
 845  287  524288 16711680  812  299  524288 16711680  811  280  524032 16711680
 845  287  524288 16711680  811  280  524032 16711680  843  271  524032 16711680
 876  271  524032 16711680  845  287  524288 16711680  843  271  524032 16711680
 876  271  524032 16711680  843  271  524032 16711680  873  259  524032 16711680
 907  254  523776 16711680  876  271  524032 16711680  873  259  524032 16711680
 907  254  523776 16711680  873  259  524032 16711680  902  245  524032 16711680
 938  238  523776 16711680  907  254  523776 16711680  902  245  524032 16711680
 938  238  523776 16711680  902  245  524032 16711680  933  232  523776 16711680
 969  227  523776 16711680  938  238  523776 16711680  933  232  523776 16711680
 969  227  523776 16711680  933  232  523776 16711680  962  222  523776 16711680
 811  280  524032 16711680  775  285  523776 16711680  785  269  523520 16711680
 811  280  524032 16711680  785  269  523520 16711680  817  267  524032 16711680
 843  271  524032 16711680  811  280  524032 16711680  817  267  524032 16711680
 843  271  524032 16711680  817  267  524032 16711680  846  261  524288 16711680
 873  259  524032 16711680  843  271  524032 16711680  846  261  524288 16711680
 873  259  524032 16711680  846  261  524288 16711680  873  251  524032 16711680
 902  245  524032 16711680  873  259  524032 16711680  873  251  524032 16711680
 902  245  524032 16711680  873  251  524032 16711680  901  239  523776 16711680
 933  232  523776 16711680  902  245  524032 16711680  901  239  523776 16711680
 933  232  523776 16711680  901  239  523776 16711680  928  228  523520 16711680
 962  222  523776 16711680  933  232  523776 16711680  928  228  523520 16711680
 962  222  523776 16711680  928  228  523520 16711680  955  219  523776 16711680
 817  267  524032 16711680  785  269  523520 16711680  800  262  523520 16711680
 817  267  524032 16711680  800  262  523520 16711680  828  261  524032 16711680
 846  261  524288 16711680  817  267  524032 16711680  828  261  524032 16711680
 846  261  524288 16711680  828  261  524032 16711680  853  256  523776 16711680
 873  251  524032 16711680  846  261  524288 16711680  853  256  523776 16711680
 873  251  524032 16711680  853  256  523776 16711680  877  248  523520 16711680
 901  239  523776 16711680  873  251  524032 16711680  877  248  523520 16711680
 901  239  523776 16711680  877  248  523520 16711680  902  238  523520 16711680
 928  228  523520 16711680  901  239  523776 16711680  902  238  523520 16711680
 928  228  523520 16711680  902  238  523520 16711680  926  227  523520 16711680
 955  219  523776 16711680  928  228  523520 16711680  926  227  523520 16711680
 955  219  523776 16711680  926  227  523520 16711680  950  219  523520 16711680
 828  261  524032 16711680  800  262  523520 16711680  818  264  523392 16711680
 828  261  524032 16711680  818  264  523392 16711680  841  264  523520 16711680
 853  256  523776 16711680  828  261  524032 16711680  841  264  523520 16711680
 853  256  523776 16711680  841  264  523520 16711680  863  259  523776 16711680
 877  248  523520 16711680  853  256  523776 16711680  863  259  523776 16711680
 877  248  523520 16711680  863  259  523776 16711680  884  251  523520 16711680
 902  238  523520 16711680  877  248  523520 16711680  884  251  523520 16711680
 902  238  523520 16711680  884  251  523520 16711680  906  241  523520 16711680
 926  227  523520 16711680  902  238  523520 16711680  906  241  523520 16711680
 926  227  523520 16711680  906  241  523520 16711680  927  231  523520 16711680
 950  219  523520 16711680  926  227  523520 16711680  927  231  523520 16711680
 950  219  523520 16711680  927  231  523520 16711680  948  222  523392 16711680
 841  264  523520 16711680  818  264  523392 16711680  835  281  523264 16711680
 841  264  523520 16711680  835  281  523264 16711680  857  280  523392 16711680
 863  259  523776 16711680  841  264  523520 16711680  857  280  523392 16711680
 863  259  523776 16711680  857  280  523392 16711680  876  273  523520 16711680
 884  251  523520 16711680  863  259  523776 16711680  876  273  523520 16711680
 884  251  523520 16711680  876  273  523520 16711680  895  263  523520 16711680
 906  241  523520 16711680  884  251  523520 16711680  895  263  523520 16711680
 906  241  523520 16711680  895  263  523520 16711680  913  251  523520 16711680
 927  231  523520 16711680  906  241  523520 16711680  913  251  523520 16711680
 927  231  523520 16711680  913  251  523520 16711680  932  238  523392 16711680
 948  222  523392 16711680  927  231  523520 16711680  932  238  523392 16711680
 948  222  523392 16711680  932  238  523392 16711680  952  229  523392 16711680
 956  227  523520 16711680  952  229  523392 16711680  959  237  523392 16711680
 956  227  523520 16711680  959  237  523392 16711680  964  235  523520 16711680
 959  227  523520 16711680  956  227  523520 16711680  964  235  523520 16711680
 959  227  523520 16711680  964  235  523520 16711680  966  234  523392 16711680
 961  227  523520 16711680  959  227  523520 16711680  966  234  523392 16711680
 961  227  523520 16711680  966  234  523392 16711680  968  233  523392 16711680
 961  227  523520 16711680  961  227  523520 16711680  968  233  523392 16711680
 961  227  523520 16711680  968  233  523392 16711680  967  233  523392 16711680
 960  228  523392 16711680  961  227  523520 16711680  967  233  523392 16711680
 960  228  523392 16711680  967  233  523392 16711680  964  233  523392 16711680
 956  230  523520 16711680  960  228  523392 16711680  964  233  523392 16711680
 956  230  523520 16711680  964  233  523392 16711680  960  234  523520 16711680
 964  235  523520 16711680  959  237  523392 16711680  967  242  523392 16711680
 964  235  523520 16711680  967  242  523392 16711680  972  240  523520 16711680
 966  234  523392 16711680  964  235  523520 16711680  972  240  523520 16711680
 966  234  523392 16711680  972  240  523520 16711680  975  239  523520 16711680
 968  233  523392 16711680  966  234  523392 16711680  975  239  523520 16711680
 968  233  523392 16711680  975  239  523520 16711680  975  237  523392 16711680
 967  233  523392 16711680  968  233  523392 16711680  975  237  523392 16711680
 967  233  523392 16711680  975  237  523392 16711680  973  236  523392 16711680
 964  233  523392 16711680  967  233  523392 16711680  973  236  523392 16711680
 964  233  523392 16711680  973  236  523392 16711680  970  235  523520 16711680
 960  234  523520 16711680  964  233  523392 16711680  970  235  523520 16711680
 960  234  523520 16711680  970  235  523520 16711680  964  236  523520 16711680
 972  240  523520 16711680  967  242  523392 16711680  974  245  523520 16711680
 972  240  523520 16711680  974  245  523520 16711680  979  243  523520 16711680
 975  239  523520 16711680  972  240  523520 16711680  979  243  523520 16711680
 975  239  523520 16711680  979  243  523520 16711680  982  241  523520 16711680
 975  237  523392 16711680  975  239  523520 16711680  982  241  523520 16711680
 975  237  523392 16711680  982  241  523520 16711680  982  239  523520 16711680
 973  236  523392 16711680  975  237  523392 16711680  982  239  523520 16711680
 973  236  523392 16711680  982  239  523520 16711680  980  237  523520 16711680
 970  235  523520 16711680  973  236  523392 16711680  980  237  523520 16711680
 970  235  523520 16711680  980  237  523520 16711680  975  236  523520 16711680
 964  236  523520 16711680  970  235  523520 16711680  975  236  523520 16711680
 964  236  523520 16711680  975  236  523520 16711680  967  236  523776 16711680
 979  243  523520 16711680  974  245  523520 16711680  979  245  523776 16711680
 979  243  523520 16711680  979  245  523776 16711680  985  243  523776 16711680
 982  241  523520 16711680  979  243  523520 16711680  985  243  523776 16711680
 982  241  523520 16711680  985  243  523776 16711680  987  241  523520 16711680
 982  239  523520 16711680  982  241  523520 16711680  987  241  523520 16711680
 982  239  523520 16711680  987  241  523520 16711680  987  239  523776 16711680
 980  237  523520 16711680  982  239  523520 16711680  987  239  523776 16711680
 980  237  523520 16711680  987  239  523776 16711680  984  237  523776 16711680
 975  236  523520 16711680  980  237  523520 16711680  984  237  523776 16711680
 975  236  523520 16711680  984  237  523776 16711680  978  236  523776 16711680
 967  236  523776 16711680  975  236  523520 16711680  978  236  523776 16711680
 967  236  523776 16711680  978  236  523776 16711680  970  235  523776 16711680
 985  243  523776 16711680  979  245  523776 16711680  980  241  523776 16711680
 985  243  523776 16711680  980  241  523776 16711680  986  240  523776 16711680
 987  241  523520 16711680  985  243  523776 16711680  986  240  523776 16711680
 987  241  523520 16711680  986  240  523776 16711680  989  238  524032 16711680
 987  239  523776 16711680  987  241  523520 16711680  989  238  524032 16711680
 987  239  523776 16711680  989  238  524032 16711680  989  236  523776 16711680
 984  237  523776 16711680  987  239  523776 16711680  989  236  523776 16711680
 984  237  523776 16711680  989  236  523776 16711680  986  235  523776 16711680
 978  236  523776 16711680  984  237  523776 16711680  986  235  523776 16711680
 978  236  523776 16711680  986  235  523776 16711680  980  234  523776 16711680
 970  235  523776 16711680  978  236  523776 16711680  980  234  523776 16711680
 970  235  523776 16711680  980  234  523776 16711680  972  234  523776 16711680
 986  240  523776 16711680  980  241  523776 16711680  976  235  523776 16711680
 986  240  523776 16711680  976  235  523776 16711680  983  233  523776 16711680
 989  238  524032 16711680  986  240  523776 16711680  983  233  523776 16711680
 989  238  524032 16711680  983  233  523776 16711680  986  232  524032 16711680
 989  236  523776 16711680  989  238  524032 16711680  986  232  524032 16711680
 989  236  523776 16711680  986  232  524032 16711680  987  231  524032 16711680
 986  235  523776 16711680  989  236  523776 16711680  987  231  524032 16711680
 986  235  523776 16711680  987  231  524032 16711680  985  231  523776 16711680
 980  234  523776 16711680  986  235  523776 16711680  985  231  523776 16711680
 980  234  523776 16711680  985  231  523776 16711680  980  232  523776 16711680
 972  234  523776 16711680  980  234  523776 16711680  980  232  523776 16711680
 972  234  523776 16711680  980  232  523776 16711680  972  234  523776 16711680
 983  233  523776 16711680  976  235  523776 16711680  969  227  523776 16711680
 983  233  523776 16711680  969  227  523776 16711680  976  226  523776 16711680
 986  232  524032 16711680  983  233  523776 16711680  976  226  523776 16711680
 986  232  524032 16711680  976  226  523776 16711680  979  225  523776 16711680
 987  231  524032 16711680  986  232  524032 16711680  979  225  523776 16711680
 987  231  524032 16711680  979  225  523776 16711680  981  225  524032 16711680
 985  231  523776 16711680  987  231  524032 16711680  981  225  524032 16711680
 985  231  523776 16711680  981  225  524032 16711680  979  226  523776 16711680
 980  232  523776 16711680  985  231  523776 16711680  979  226  523776 16711680
 980  232  523776 16711680  979  226  523776 16711680  975  227  524032 16711680
 972  234  523776 16711680  980  232  523776 16711680  975  227  524032 16711680
 972  234  523776 16711680  975  227  524032 16711680  968  229  523776 16711680
 976  226  523776 16711680  969  227  523776 16711680  962  222  523776 16711680
 976  226  523776 16711680  962  222  523776 16711680  968  221  523776 16711680
 979  225  523776 16711680  976  226  523776 16711680  968  221  523776 16711680
 979  225  523776 16711680  968  221  523776 16711680  972  220  524032 16711680
 981  225  524032 16711680  979  225  523776 16711680  972  220  524032 16711680
 981  225  524032 16711680  972  220  524032 16711680  974  221  523776 16711680
 979  226  523776 16711680  981  225  524032 16711680  974  221  523776 16711680
 979  226  523776 16711680  974  221  523776 16711680  973  222  524032 16711680
 975  227  524032 16711680  979  226  523776 16711680  973  222  524032 16711680
 975  227  524032 16711680  973  222  524032 16711680  970  224  523776 16711680
 968  229  523776 16711680  975  227  524032 16711680  970  224  523776 16711680
 968  229  523776 16711680  970  224  523776 16711680  963  226  523776 16711680
 968  221  523776 16711680  962  222  523776 16711680  955  219  523776 16711680
 968  221  523776 16711680  955  219  523776 16711680  960  218  523520 16711680
 972  220  524032 16711680  968  221  523776 16711680  960  218  523520 16711680
 972  220  524032 16711680  960  218  523520 16711680  965  218  523776 16711680
 974  221  523776 16711680  972  220  524032 16711680  965  218  523776 16711680
 974  221  523776 16711680  965  218  523776 16711680  967  219  523776 16711680
 973  222  524032 16711680  974  221  523776 16711680  967  219  523776 16711680
 973  222  524032 16711680  967  219  523776 16711680  967  220  523520 16711680
 970  224  523776 16711680  973  222  524032 16711680  967  220  523520 16711680
 970  224  523776 16711680  967  220  523520 16711680  964  222  523776 16711680
 963  226  523776 16711680  970  224  523776 16711680  964  222  523776 16711680
 963  226  523776 16711680  964  222  523776 16711680  958  224  523776 16711680
 960  218  523520 16711680  955  219  523776 16711680  950  219  523520 16711680
 960  218  523520 16711680  950  219  523520 16711680  955  218  523520 16711680
 965  218  523776 16711680  960  218  523520 16711680  955  218  523520 16711680
 965  218  523776 16711680  955  218  523520 16711680  959  218  523776 16711680
 967  219  523776 16711680  965  218  523776 16711680  959  218  523776 16711680
 967  219  523776 16711680  959  218  523776 16711680  961  219  523520 16711680
 967  220  523520 16711680  967  219  523776 16711680  961  219  523520 16711680
 967  220  523520 16711680  961  219  523520 16711680  962  220  523520 16711680
 964  222  523776 16711680  967  220  523520 16711680  962  220  523520 16711680
 964  222  523776 16711680  962  220  523520 16711680  960  222  523776 16711680
 958  224  523776 16711680  964  222  523776 16711680  960  222  523776 16711680
 958  224  523776 16711680  960  222  523776 16711680  955  224  523776 16711680
 955  218  523520 16711680  950  219  523520 16711680  948  222  523392 16711680
 955  218  523520 16711680  948  222  523392 16711680  953  221  523520 16711680
 959  218  523776 16711680  955  218  523520 16711680  953  221  523520 16711680
 959  218  523776 16711680  953  221  523520 16711680  957  221  523392 16711680
 961  219  523520 16711680  959  218  523776 16711680  957  221  523392 16711680
 961  219  523520 16711680  957  221  523392 16711680  959  221  523520 16711680
 962  220  523520 16711680  961  219  523520 16711680  959  221  523520 16711680
 962  220  523520 16711680  959  221  523520 16711680  959  222  523520 16711680
 960  222  523776 16711680  962  220  523520 16711680  959  222  523520 16711680
 960  222  523776 16711680  959  222  523520 16711680  958  224  523520 16711680
 955  224  523776 16711680  960  222  523776 16711680  958  224  523520 16711680
 955  224  523776 16711680  958  224  523520 16711680  954  226  523520 16711680
 953  221  523520 16711680  948  222  523392 16711680  952  229  523392 16711680
 953  221  523520 16711680  952  229  523392 16711680  956  227  523520 16711680
 957  221  523392 16711680  953  221  523520 16711680  956  227  523520 16711680
 957  221  523392 16711680  956  227  523520 16711680  959  227  523520 16711680
 959  221  523520 16711680  957  221  523392 16711680  959  227  523520 16711680
 959  221  523520 16711680  959  227  523520 16711680  961  227  523520 16711680
 959  222  523520 16711680  959  221  523520 16711680  961  227  523520 16711680
 959  222  523520 16711680  961  227  523520 16711680  961  227  523520 16711680
 958  224  523520 16711680  959  222  523520 16711680  961  227  523520 16711680
 958  224  523520 16711680  961  227  523520 16711680  960  228  523392 16711680
 954  226  523520 16711680  958  224  523520 16711680  960  228  523392 16711680
 954  226  523520 16711680  960  228  523392 16711680  956  230  523520 16711680
 887  137  519808 16711680  871  129  519424 16711680  891  144  519808 16711680
 886  145  519936 16711680  887  137  519808 16711680  891  144  519808 16711680
 886  145  519936 16711680  891  144  519808 16711680  892  153  519936 16711680
 877  151  520192 16711680  886  145  519936 16711680  892  153  519936 16711680
 877  151  520192 16711680  892  153  519936 16711680  881  159  520192 16711680
 862  158  519936 16711680  877  151  520192 16711680  881  159  520192 16711680
 862  158  519936 16711680  881  159  520192 16711680  866  163  519936 16711680
 849  165  520192 16711680  862  158  519936 16711680  866  163  519936 16711680
 849  165  520192 16711680  866  163  519936 16711680  852  169  519936 16711680
 891  144  519808 16711680  871  129  519424 16711680  894  149  519552 16711680
 892  153  519936 16711680  891  144  519808 16711680  894  149  519552 16711680
 892  153  519936 16711680  894  149  519552 16711680  895  160  519552 16711680
 881  159  520192 16711680  892  153  519936 16711680  895  160  519552 16711680
 881  159  520192 16711680  895  160  519552 16711680  884  165  519936 16711680
 866  163  519936 16711680  881  159  520192 16711680  884  165  519936 16711680
 866  163  519936 16711680  884  165  519936 16711680  868  168  519936 16711680
 852  169  519936 16711680  866  163  519936 16711680  868  168  519936 16711680
 852  169  519936 16711680  868  168  519936 16711680  853  172  520192 16711680
 894  149  519552 16711680  871  129  519424 16711680  895  153  519424 16711680
 895  160  519552 16711680  894  149  519552 16711680  895  153  519424 16711680
 895  160  519552 16711680  895  153  519424 16711680  897  165  519552 16711680
 884  165  519936 16711680  895  160  519552 16711680  897  165  519552 16711680
 884  165  519936 16711680  897  165  519552 16711680  885  170  519808 16711680
 868  168  519936 16711680  884  165  519936 16711680  885  170  519808 16711680
 868  168  519936 16711680  885  170  519808 16711680  868  172  519808 16711680
 853  172  520192 16711680  868  168  519936 16711680  868  172  519808 16711680
 853  172  520192 16711680  868  172  519808 16711680  854  175  519936 16711680
 895  153  519424 16711680  871  129  519424 16711680  894  156  519424 16711680
 897  165  519552 16711680  895  153  519424 16711680  894  156  519424 16711680
 897  165  519552 16711680  894  156  519424 16711680  896  169  519424 16711680
 885  170  519808 16711680  897  165  519552 16711680  896  169  519424 16711680
 885  170  519808 16711680  896  169  519424 16711680  885  173  519552 16711680
 868  172  519808 16711680  885  170  519808 16711680  885  173  519552 16711680
 868  172  519808 16711680  885  173  519552 16711680  868  174  519808 16711680
 854  175  519936 16711680  868  172  519808 16711680  868  174  519808 16711680
 854  175  519936 16711680  868  174  519808 16711680  853  177  519808 16711680
 894  156  519424 16711680  871  129  519424 16711680  892  157  519424 16711680
 896  169  519424 16711680  894  156  519424 16711680  892  157  519424 16711680
 896  169  519424 16711680  892  157  519424 16711680  893  171  519424 16711680
 885  173  519552 16711680  896  169  519424 16711680  893  171  519424 16711680
 885  173  519552 16711680  893  171  519424 16711680  882  175  519808 16711680
 868  174  519808 16711680  885  173  519552 16711680  882  175  519808 16711680
 868  174  519808 16711680  882  175  519808 16711680  866  175  519808 16711680
 853  177  519808 16711680  868  174  519808 16711680  866  175  519808 16711680
 853  177  519808 16711680  866  175  519808 16711680  852  178  519808 16711680
 892  157  519424 16711680  871  129  519424 16711680  887  157  519040 16711680
 893  171  519424 16711680  892  157  519424 16711680  887  157  519040 16711680
 893  171  519424 16711680  887  157  519040 16711680  887  170  519040 16711680
 882  175  519808 16711680  893  171  519424 16711680  887  170  519040 16711680
 882  175  519808 16711680  887  170  519040 16711680  877  174  519424 16711680
 866  175  519808 16711680  882  175  519808 16711680  877  174  519424 16711680
 866  175  519808 16711680  877  174  519424 16711680  862  175  519424 16711680
 852  178  519808 16711680  866  175  519808 16711680  862  175  519424 16711680
 852  178  519808 16711680  862  175  519424 16711680  849  177  519808 16711680
 887  157  519040 16711680  871  129  519424 16711680  882  154  519040 16711680
 887  170  519040 16711680  887  157  519040 16711680  882  154  519040 16711680
 887  170  519040 16711680  882  154  519040 16711680  880  167  519040 16711680
 877  174  519424 16711680  887  170  519040 16711680  880  167  519040 16711680
 877  174  519424 16711680  880  167  519040 16711680  870  171  519040 16711680
 862  175  519424 16711680  877  174  519424 16711680  870  171  519040 16711680
 862  175  519424 16711680  870  171  519040 16711680  857  173  519424 16711680
 849  177  519808 16711680  862  175  519424 16711680  857  173  519424 16711680
 849  177  519808 16711680  857  173  519424 16711680  846  176  519552 16711680
 882  154  519040 16711680  871  129  519424 16711680  875  150  519040 16711680
 880  167  519040 16711680  882  154  519040 16711680  875  150  519040 16711680
 880  167  519040 16711680  875  150  519040 16711680  872  162  518656 16711680
 870  171  519040 16711680  880  167  519040 16711680  872  162  518656 16711680
 870  171  519040 16711680  872  162  518656 16711680  863  167  519040 16711680
 857  173  519424 16711680  870  171  519040 16711680  863  167  519040 16711680
 857  173  519424 16711680  863  167  519040 16711680  852  170  519168 16711680
 846  176  519552 16711680  857  173  519424 16711680  852  170  519168 16711680
 846  176  519552 16711680  852  170  519168 16711680  842  174  519808 16711680
 875  150  519040 16711680  871  129  519424 16711680  869  145  518912 16711680
 872  162  518656 16711680  875  150  519040 16711680  869  145  518912 16711680
 872  162  518656 16711680  869  145  518912 16711680  863  155  518912 16711680
 863  167  519040 16711680  872  162  518656 16711680  863  155  518912 16711680
 863  167  519040 16711680  863  155  518912 16711680  855  161  519040 16711680
 852  170  519168 16711680  863  167  519040 16711680  855  161  519040 16711680
 852  170  519168 16711680  855  161  519040 16711680  846  165  519424 16711680
 842  174  519808 16711680  852  170  519168 16711680  846  165  519424 16711680
 842  174  519808 16711680  846  165  519424 16711680  838  171  519424 16711680
 869  145  518912 16711680  871  129  519424 16711680  862  138  518912 16711680
 863  155  518912 16711680  869  145  518912 16711680  862  138  518912 16711680
 863  155  518912 16711680  862  138  518912 16711680  854  147  518656 16711680
 855  161  519040 16711680  863  155  518912 16711680  854  147  518656 16711680
 855  161  519040 16711680  854  147  518656 16711680  847  153  519040 16711680
 846  165  519424 16711680  855  161  519040 16711680  847  153  519040 16711680
 846  165  519424 16711680  847  153  519040 16711680  840  160  519424 16711680
 838  171  519424 16711680  846  165  519424 16711680  840  160  519424 16711680
 838  171  519424 16711680  840  160  519424 16711680  833  167  519424 16711680
 862  138  518912 16711680  871  129  519424 16711680  856  131  518912 16711680
 854  147  518656 16711680  862  138  518912 16711680  856  131  518912 16711680
 854  147  518656 16711680  856  131  518912 16711680  846  137  518912 16711680
 847  153  519040 16711680  854  147  518656 16711680  846  137  518912 16711680
 847  153  519040 16711680  846  137  518912 16711680  840  145  519296 16711680
 840  160  519424 16711680  847  153  519040 16711680  840  145  519296 16711680
 840  160  519424 16711680  840  145  519296 16711680  835  154  519424 16711680
 833  167  519424 16711680  840  160  519424 16711680  835  154  519424 16711680
 833  167  519424 16711680  835  154  519424 16711680  830  163  519424 16711680
 856  131  518912 16711680  871  129  519424 16711680  850  124  519040 16711680
 846  137  518912 16711680  856  131  518912 16711680  850  124  519040 16711680
 846  137  518912 16711680  850  124  519040 16711680  839  128  518912 16711680
 840  145  519296 16711680  846  137  518912 16711680  839  128  518912 16711680
 840  145  519296 16711680  839  128  518912 16711680  833  137  519040 16711680
 835  154  519424 16711680  840  145  519296 16711680  833  137  519040 16711680
 835  154  519424 16711680  833  137  519040 16711680  831  148  519424 16711680
 830  163  519424 16711680  835  154  519424 16711680  831  148  519424 16711680
 830  163  519424 16711680  831  148  519424 16711680  826  158  519808 16711680
 850  124  519040 16711680  871  129  519424 16711680  846  118  519040 16711680
 839  128  518912 16711680  850  124  519040 16711680  846  118  519040 16711680
 839  128  518912 16711680  846  118  519040 16711680  833  119  519040 16711680
 833  137  519040 16711680  839  128  518912 16711680  833  119  519040 16711680
 833  137  519040 16711680  833  119  519040 16711680  828  129  519040 16711680
 831  148  519424 16711680  833  137  519040 16711680  828  129  519040 16711680
 831  148  519424 16711680  828  129  519040 16711680  827  143  519424 16711680
 826  158  519808 16711680  831  148  519424 16711680  827  143  519424 16711680
 826  158  519808 16711680  827  143  519424 16711680  824  154  519808 16711680
 846  118  519040 16711680  871  129  519424 16711680  843  113  519424 16711680
 833  119  519040 16711680  846  118  519040 16711680  843  113  519424 16711680
 833  119  519040 16711680  843  113  519424 16711680  830  112  519424 16711680
 828  129  519040 16711680  833  119  519040 16711680  830  112  519424 16711680
 828  129  519040 16711680  830  112  519424 16711680  826  123  519424 16711680
 827  143  519424 16711680  828  129  519040 16711680  826  123  519424 16711680
 827  143  519424 16711680  826  123  519424 16711680  825  138  519424 16711680
 824  154  519808 16711680  827  143  519424 16711680  825  138  519424 16711680
 824  154  519808 16711680  825  138  519424 16711680  823  151  519552 16711680
 843  113  519424 16711680  871  129  519424 16711680  843  108  519424 16711680
 830  112  519424 16711680  843  113  519424 16711680  843  108  519424 16711680
 830  112  519424 16711680  843  108  519424 16711680  829  107  519424 16711680
 826  123  519424 16711680  830  112  519424 16711680  829  107  519424 16711680
 826  123  519424 16711680  829  107  519424 16711680  825  119  519424 16711680
 825  138  519424 16711680  826  123  519424 16711680  825  119  519424 16711680
 825  138  519424 16711680  825  119  519424 16711680  825  134  519808 16711680
 823  151  519552 16711680  825  138  519424 16711680  825  134  519808 16711680
 823  151  519552 16711680  825  134  519808 16711680  822  149  519808 16711680
 843  108  519424 16711680  871  129  519424 16711680  844  106  519424 16711680
 829  107  519424 16711680  843  108  519424 16711680  844  106  519424 16711680
 829  107  519424 16711680  844  106  519424 16711680  831  104  519424 16711680
 825  119  519424 16711680  829  107  519424 16711680  831  104  519424 16711680
 825  119  519424 16711680  831  104  519424 16711680  827  116  519552 16711680
 825  134  519808 16711680  825  119  519424 16711680  827  116  519552 16711680
 825  134  519808 16711680  827  116  519552 16711680  826  133  519552 16711680
 822  149  519808 16711680  825  134  519808 16711680  826  133  519552 16711680
 822  149  519808 16711680  826  133  519552 16711680  823  147  519808 16711680
 844  106  519424 16711680  871  129  519424 16711680  847  105  519808 16711680
 831  104  519424 16711680  844  106  519424 16711680  847  105  519808 16711680
 831  104  519424 16711680  847  105  519808 16711680  835  103  519552 16711680
 827  116  519552 16711680  831  104  519424 16711680  835  103  519552 16711680
 827  116  519552 16711680  835  103  519552 16711680  830  115  519808 16711680
 826  133  519552 16711680  827  116  519552 16711680  830  115  519808 16711680
 826  133  519552 16711680  830  115  519808 16711680  828  132  519808 16711680
 823  147  519808 16711680  826  133  519552 16711680  828  132  519808 16711680
 823  147  519808 16711680  828  132  519808 16711680  825  146  519936 16711680
 847  105  519808 16711680  871  129  519424 16711680  851  106  519808 16711680
 835  103  519552 16711680  847  105  519808 16711680  851  106  519808 16711680
 835  103  519552 16711680  851  106  519808 16711680  840  105  519808 16711680
 830  115  519808 16711680  835  103  519552 16711680  840  105  519808 16711680
 830  115  519808 16711680  840  105  519808 16711680  835  116  520192 16711680
 828  132  519808 16711680  830  115  519808 16711680  835  116  520192 16711680
 828  132  519808 16711680  835  116  520192 16711680  832  132  519936 16711680
 825  146  519936 16711680  828  132  519808 16711680  832  132  519936 16711680
 825  146  519936 16711680  832  132  519936 16711680  828  147  520192 16711680
 851  106  519808 16711680  871  129  519424 16711680  857  109  519808 16711680
 840  105  519808 16711680  851  106  519808 16711680  857  109  519808 16711680
 840  105  519808 16711680  857  109  519808 16711680  848  108  519936 16711680
 835  116  520192 16711680  840  105  519808 16711680  848  108  519936 16711680
 835  116  520192 16711680  848  108  519936 16711680  842  119  520192 16711680
 832  132  519936 16711680  835  116  520192 16711680  842  119  520192 16711680
 832  132  519936 16711680  842  119  520192 16711680  837  134  520192 16711680
 828  147  520192 16711680  832  132  519936 16711680  837  134  520192 16711680
 828  147  520192 16711680  837  134  520192 16711680  831  148  519936 16711680
 857  109  519808 16711680  871  129  519424 16711680  863  113  519808 16711680
 848  108  519936 16711680  857  109  519808 16711680  863  113  519808 16711680
 848  108  519936 16711680  863  113  519808 16711680  856  114  520192 16711680
 842  119  520192 16711680  848  108  519936 16711680  856  114  520192 16711680
 842  119  520192 16711680  856  114  520192 16711680  849  124  519936 16711680
 837  134  520192 16711680  842  119  520192 16711680  849  124  519936 16711680
 837  134  520192 16711680  849  124  519936 16711680  842  138  520192 16711680
 831  148  519936 16711680  837  134  520192 16711680  842  138  520192 16711680
 831  148  519936 16711680  842  138  520192 16711680  835  151  519936 16711680
 863  113  519808 16711680  871  129  519424 16711680  869  118  520192 16711680
 856  114  520192 16711680  863  113  519808 16711680  869  118  520192 16711680
 856  114  520192 16711680  869  118  520192 16711680  864  120  519936 16711680
 849  124  519936 16711680  856  114  520192 16711680  864  120  519936 16711680
 849  124  519936 16711680  864  120  519936 16711680  856  129  520192 16711680
 842  138  520192 16711680  849  124  519936 16711680  856  129  520192 16711680
 842  138  520192 16711680  856  129  520192 16711680  847  142  520192 16711680
 835  151  519936 16711680  842  138  520192 16711680  847  142  520192 16711680
 835  151  519936 16711680  847  142  520192 16711680  839  154  520192 16711680
 869  118  520192 16711680  871  129  519424 16711680  875  124  520192 16711680
 864  120  519936 16711680  869  118  520192 16711680  875  124  520192 16711680
 864  120  519936 16711680  875  124  520192 16711680  872  128  520192 16711680
 856  129  520192 16711680  864  120  519936 16711680  872  128  520192 16711680
 856  129  520192 16711680  872  128  520192 16711680  863  136  520192 16711680
 847  142  520192 16711680  856  129  520192 16711680  863  136  520192 16711680
 847  142  520192 16711680  863  136  520192 16711680  853  147  519936 16711680
 839  154  520192 16711680  847  142  520192 16711680  853  147  519936 16711680
 839  154  520192 16711680  853  147  519936 16711680  843  157  520192 16711680
 875  124  520192 16711680  871  129  519424 16711680  881  131  520192 16711680
 872  128  520192 16711680  875  124  520192 16711680  881  131  520192 16711680
 872  128  520192 16711680  881  131  520192 16711680  880  136  519936 16711680
 863  136  520192 16711680  872  128  520192 16711680  880  136  519936 16711680
 863  136  520192 16711680  880  136  519936 16711680  870  144  520192 16711680
 853  147  519936 16711680  863  136  520192 16711680  870  144  520192 16711680
 853  147  519936 16711680  870  144  520192 16711680  858  152  520192 16711680
 843  157  520192 16711680  853  147  519936 16711680  858  152  520192 16711680
 843  157  520192 16711680  858  152  520192 16711680  847  161  520192 16711680
 881  131  520192 16711680  871  129  519424 16711680  887  137  519808 16711680
 880  136  519936 16711680  881  131  520192 16711680  887  137  519808 16711680
 880  136  519936 16711680  887  137  519808 16711680  886  145  519936 16711680
 870  144  520192 16711680  880  136  519936 16711680  886  145  519936 16711680
 870  144  520192 16711680  886  145  519936 16711680  877  151  520192 16711680
 858  152  520192 16711680  870  144  520192 16711680  877  151  520192 16711680
 858  152  520192 16711680  877  151  520192 16711680  862  158  519936 16711680
 847  161  520192 16711680  858  152  520192 16711680  862  158  519936 16711680
 847  161  520192 16711680  862  158  519936 16711680  849  165  520192 16711680
